to.name,to.address_line1,to.address_line2,to.address_city,to.address_state,to.address_zip,front_image,back_image,qr_target,metadata_slug,metadata_qr_code,metadata_trade,metadata_mailable
Ground Zero Landscape,16615 N 19th St,,Phoenix,AZ,85022,https://demo.buildlocal.agency/m/flyers/ground-zero-landscape-front.png,https://demo.buildlocal.agency/m/flyers/ground-zero-landscape-back.png,https://demo.buildlocal.agency/q/az0002,ground-zero-landscape,az0002,landscaping,yes
AMS Landscaping,11035 N 23rd Dr #9,,Phoenix,AZ,85029,https://demo.buildlocal.agency/m/flyers/ams-landscaping-front.png,https://demo.buildlocal.agency/m/flyers/ams-landscaping-back.png,https://demo.buildlocal.agency/q/az0003,ams-landscaping,az0003,landscaping,yes
Mountainscapers Landscaping,1545 E Yucca St B,,Phoenix,AZ,85020,https://demo.buildlocal.agency/m/flyers/mountainscapers-landscaping-front.png,https://demo.buildlocal.agency/m/flyers/mountainscapers-landscaping-back.png,https://demo.buildlocal.agency/q/az0004,mountainscapers-landscaping,az0004,landscaping,yes
Diamond Stone & Synthetic Grass,1641 W Palmer Dr,,Phoenix,AZ,85021,https://demo.buildlocal.agency/m/flyers/diamond-stone-and-synthetic-grass-front.png,https://demo.buildlocal.agency/m/flyers/diamond-stone-and-synthetic-grass-back.png,https://demo.buildlocal.agency/q/az0005,diamond-stone-and-synthetic-grass,az0005,landscaping,yes
Diamond Cut Landscaping,1507 W Hatcher Rd,,Phoenix,AZ,85021,https://demo.buildlocal.agency/m/flyers/diamond-cut-landscaping-front.png,https://demo.buildlocal.agency/m/flyers/diamond-cut-landscaping-back.png,https://demo.buildlocal.agency/q/az0006,diamond-cut-landscaping,az0006,landscaping,yes
Hawkeye Landscaping Inc,24401 N 15th Ave,,Phoenix,AZ,85085,https://demo.buildlocal.agency/m/flyers/hawkeye-landscaping-inc-front.png,https://demo.buildlocal.agency/m/flyers/hawkeye-landscaping-inc-back.png,https://demo.buildlocal.agency/q/az0007,hawkeye-landscaping-inc,az0007,landscaping,yes
Landscaping Express LLC,2317 W Danbury Dr,,Phoenix,AZ,85032,https://demo.buildlocal.agency/m/flyers/landscaping-express-llc-front.png,https://demo.buildlocal.agency/m/flyers/landscaping-express-llc-back.png,https://demo.buildlocal.agency/q/az0008,landscaping-express-llc,az0008,landscaping,yes
Lone Star Landscaping,19305 N 28th St,,Phoenix,AZ,85050,https://demo.buildlocal.agency/m/flyers/lone-star-landscaping-front.png,https://demo.buildlocal.agency/m/flyers/lone-star-landscaping-back.png,https://demo.buildlocal.agency/q/az0009,lone-star-landscaping,az0009,landscaping,yes
Phoenix Pavers and Turf,2850 W Belmont Ave,,Phoenix,AZ,85051,https://demo.buildlocal.agency/m/flyers/phoenix-pavers-and-turf-front.png,https://demo.buildlocal.agency/m/flyers/phoenix-pavers-and-turf-back.png,https://demo.buildlocal.agency/q/az0010,phoenix-pavers-and-turf,az0010,landscaping,yes
Arizona turf,"Online Appointment / Onsite Service, 15047 North 23rd Pl",,Phoenix,AZ,85022,https://demo.buildlocal.agency/m/flyers/arizona-turf-front.png,https://demo.buildlocal.agency/m/flyers/arizona-turf-back.png,https://demo.buildlocal.agency/q/az0011,arizona-turf,az0011,landscaping,yes
MasterAZscapes LLC,1635 W Park View Ln # 2,,Phoenix,AZ,85085,https://demo.buildlocal.agency/m/flyers/masterazscapes-llc-front.png,https://demo.buildlocal.agency/m/flyers/masterazscapes-llc-back.png,https://demo.buildlocal.agency/q/az0013,masterazscapes-llc,az0013,landscaping,yes
Arizona’s Landscaping Authority LLC,5021 N 20th St #45395,,Phoenix,AZ,85016,https://demo.buildlocal.agency/m/flyers/arizona-s-landscaping-authority-llc-front.png,https://demo.buildlocal.agency/m/flyers/arizona-s-landscaping-authority-llc-back.png,https://demo.buildlocal.agency/q/az0014,arizona-s-landscaping-authority-llc,az0014,landscaping,yes
Outdoor Xscapes,2149 W Mountain View Rd,,Phoenix,AZ,85021,https://demo.buildlocal.agency/m/flyers/outdoor-xscapes-front.png,https://demo.buildlocal.agency/m/flyers/outdoor-xscapes-back.png,https://demo.buildlocal.agency/q/az0015,outdoor-xscapes,az0015,landscaping,yes
BIG BOSS Landscape,E Burgess Ln,,Phoenix,AZ,85042,https://demo.buildlocal.agency/m/flyers/big-boss-landscape-front.png,https://demo.buildlocal.agency/m/flyers/big-boss-landscape-back.png,https://demo.buildlocal.agency/q/az0016,big-boss-landscape,az0016,landscaping,yes
"Mariposa Landscape Arizona, Inc. | Phoen",3010 S 46th St.,,Phoenix,AZ,85040,https://demo.buildlocal.agency/m/flyers/mariposa-landscape-arizona-inc-phoenix-az-front.png,https://demo.buildlocal.agency/m/flyers/mariposa-landscape-arizona-inc-phoenix-az-back.png,https://demo.buildlocal.agency/q/az0017,mariposa-landscape-arizona-inc-phoenix-az,az0017,landscaping,yes
"Landscape Design Phoenix, Landscaping Ar",2740 E Rose Garden Ln Suite 6,,Phoenix,AZ,85050,https://demo.buildlocal.agency/m/flyers/landscape-design-phoenix-landscaping-architect-unwind-landsc-front.png,https://demo.buildlocal.agency/m/flyers/landscape-design-phoenix-landscaping-architect-unwind-landsc-back.png,https://demo.buildlocal.agency/q/az0019,landscape-design-phoenix-landscaping-architect-unwind-landsc,az0019,landscaping,yes
Straight Line Landscape,1915 W Adobe Dr D,,Phoenix,AZ,85027,https://demo.buildlocal.agency/m/flyers/straight-line-landscape-front.png,https://demo.buildlocal.agency/m/flyers/straight-line-landscape-back.png,https://demo.buildlocal.agency/q/az0020,straight-line-landscape,az0020,landscaping,yes
Goodman's Landscape,2210 W Desert Cove Ave,,Phoenix,AZ,85029,https://demo.buildlocal.agency/m/flyers/goodman-s-landscape-maintenance-llc-front.png,https://demo.buildlocal.agency/m/flyers/goodman-s-landscape-maintenance-llc-back.png,https://demo.buildlocal.agency/q/az0021,goodman-s-landscape-maintenance-llc,az0021,landscaping,yes
Az New Leaf Landscaping,3230 W Quail Ave,,Phoenix,AZ,85027,https://demo.buildlocal.agency/m/flyers/az-new-leaf-landscaping-front.png,https://demo.buildlocal.agency/m/flyers/az-new-leaf-landscaping-back.png,https://demo.buildlocal.agency/q/az0022,az-new-leaf-landscaping,az0022,landscaping,yes
Enchanted Garden Landscape,21602 N 21st Ave,,Phoenix,AZ,85027,https://demo.buildlocal.agency/m/flyers/enchanted-garden-landscape-front.png,https://demo.buildlocal.agency/m/flyers/enchanted-garden-landscape-back.png,https://demo.buildlocal.agency/q/az0025,enchanted-garden-landscape,az0025,landscaping,yes
"Phoenix Landscapers, Landscaping Design ",3216 E Sierra St,,Phoenix,AZ,85028,https://demo.buildlocal.agency/m/flyers/phoenix-landscapers-landscaping-design-and-tree-services-front.png,https://demo.buildlocal.agency/m/flyers/phoenix-landscapers-landscaping-design-and-tree-services-back.png,https://demo.buildlocal.agency/q/az0027,phoenix-landscapers-landscaping-design-and-tree-services,az0027,landscaping,yes
Landscaping Contractors,9602 N 16th Ave,,Phoenix,AZ,85021,https://demo.buildlocal.agency/m/flyers/landscaping-contractors-front.png,https://demo.buildlocal.agency/m/flyers/landscaping-contractors-back.png,https://demo.buildlocal.agency/q/az0031,landscaping-contractors,az0031,landscaping,yes
Viva Landscape & Design,10000 N 31st Ave Suite C308,,Phoenix,AZ,85051,https://demo.buildlocal.agency/m/flyers/viva-landscape-and-design-front.png,https://demo.buildlocal.agency/m/flyers/viva-landscape-and-design-back.png,https://demo.buildlocal.agency/q/az0032,viva-landscape-and-design,az0032,landscaping,yes
Paradise Green Landscaping llc,3346 W Monterosa St,,Phoenix,AZ,85017,https://demo.buildlocal.agency/m/flyers/paradise-green-landscaping-llc-front.png,https://demo.buildlocal.agency/m/flyers/paradise-green-landscaping-llc-back.png,https://demo.buildlocal.agency/q/az0033,paradise-green-landscaping-llc,az0033,landscaping,yes
Ersland Touch Landscape,30 S 41st St,,Phoenix,AZ,85034,https://demo.buildlocal.agency/m/flyers/ersland-touch-landscape-front.png,https://demo.buildlocal.agency/m/flyers/ersland-touch-landscape-back.png,https://demo.buildlocal.agency/q/az0034,ersland-touch-landscape,az0034,landscaping,yes
NexGen Landscaping,4004 S 30th St,,Phoenix,AZ,85040,https://demo.buildlocal.agency/m/flyers/nexgen-landscaping-front.png,https://demo.buildlocal.agency/m/flyers/nexgen-landscaping-back.png,https://demo.buildlocal.agency/q/az0035,nexgen-landscaping,az0035,landscaping,yes
"Desert Crest, LLC",704 W Happy Valley Rd,,Phoenix,AZ,85085,https://demo.buildlocal.agency/m/flyers/desert-crest-llc-front.png,https://demo.buildlocal.agency/m/flyers/desert-crest-llc-back.png,https://demo.buildlocal.agency/q/az0038,desert-crest-llc,az0038,landscaping,yes
"Triple ""J"" Service, LLC.",2145 E Monroe St,,Phoenix,AZ,85034,https://demo.buildlocal.agency/m/flyers/triple-j-service-llc-front.png,https://demo.buildlocal.agency/m/flyers/triple-j-service-llc-back.png,https://demo.buildlocal.agency/q/az0040,triple-j-service-llc,az0040,landscaping,yes
Phoenix Roofing & Repair,301 E Bethany Home Rd A-121,,Phoenix,AZ,85012,https://demo.buildlocal.agency/m/flyers/phoenix-roofing-and-repair-front.png,https://demo.buildlocal.agency/m/flyers/phoenix-roofing-and-repair-back.png,https://demo.buildlocal.agency/q/ro0001,phoenix-roofing-and-repair,ro0001,roofing,yes
Lyons Roofing,878 W Illini St,,Phoenix,AZ,85041,https://demo.buildlocal.agency/m/flyers/lyons-roofing-front.png,https://demo.buildlocal.agency/m/flyers/lyons-roofing-back.png,https://demo.buildlocal.agency/q/ro0002,lyons-roofing,ro0002,roofing,yes
Stonecreek Roofing,10221 N 32nd St ste a,,Phoenix,AZ,85028,https://demo.buildlocal.agency/m/flyers/stonecreek-roofing-front.png,https://demo.buildlocal.agency/m/flyers/stonecreek-roofing-back.png,https://demo.buildlocal.agency/q/ro0003,stonecreek-roofing,ro0003,roofing,yes
Arizona Roofing and Restoration,6531 N 10th Pl,,Phoenix,AZ,85014,https://demo.buildlocal.agency/m/flyers/arizona-roofing-and-restoration-front.png,https://demo.buildlocal.agency/m/flyers/arizona-roofing-and-restoration-back.png,https://demo.buildlocal.agency/q/ro0004,arizona-roofing-and-restoration,ro0004,roofing,yes
Arizona Roofers,4836 E McDowell Rd C100,,Phoenix,AZ,85008,https://demo.buildlocal.agency/m/flyers/arizona-roofers-front.png,https://demo.buildlocal.agency/m/flyers/arizona-roofers-back.png,https://demo.buildlocal.agency/q/ro0005,arizona-roofers,ro0005,roofing,yes
Phoenix Roofers by Allstate Roofing Cont,2955 W Clarendon Ave,,Phoenix,AZ,85017,https://demo.buildlocal.agency/m/flyers/phoenix-roofers-by-allstate-roofing-contractors-front.png,https://demo.buildlocal.agency/m/flyers/phoenix-roofers-by-allstate-roofing-contractors-back.png,https://demo.buildlocal.agency/q/ro0006,phoenix-roofers-by-allstate-roofing-contractors,ro0006,roofing,yes
RENCO Roofing,2210 W Shangri La Rd a1,,Phoenix,AZ,85029,https://demo.buildlocal.agency/m/flyers/renco-roofing-front.png,https://demo.buildlocal.agency/m/flyers/renco-roofing-back.png,https://demo.buildlocal.agency/q/ro0007,renco-roofing,ro0007,roofing,yes
Brown Roofing LLC,11627 N 17th Pl,,Phoenix,AZ,85020,https://demo.buildlocal.agency/m/flyers/brown-roofing-llc-front.png,https://demo.buildlocal.agency/m/flyers/brown-roofing-llc-back.png,https://demo.buildlocal.agency/q/ro0008,brown-roofing-llc,ro0008,roofing,yes
Reimagine Roofing,1100 E Washington St #200,,Phoenix,AZ,85034,https://demo.buildlocal.agency/m/flyers/reimagine-roofing-front.png,https://demo.buildlocal.agency/m/flyers/reimagine-roofing-back.png,https://demo.buildlocal.agency/q/ro0009,reimagine-roofing,ro0009,roofing,yes
Phoenix Roofing Replacement Pros,1517 W Grant St,,Phoenix,AZ,85007,https://demo.buildlocal.agency/m/flyers/phoenix-roofing-replacement-pros-front.png,https://demo.buildlocal.agency/m/flyers/phoenix-roofing-replacement-pros-back.png,https://demo.buildlocal.agency/q/ro0010,phoenix-roofing-replacement-pros,ro0010,roofing,yes
Reyes Roofing LLC,2733 W Maryland Ave,,Phoenix,AZ,85017,https://demo.buildlocal.agency/m/flyers/reyes-roofing-llc-front.png,https://demo.buildlocal.agency/m/flyers/reyes-roofing-llc-back.png,https://demo.buildlocal.agency/q/ro0011,reyes-roofing-llc,ro0011,roofing,yes
Valley Roofing and Repair,4010 N 27th Ave Building C,,Phoenix,AZ,85017,https://demo.buildlocal.agency/m/flyers/valley-roofing-and-repair-front.png,https://demo.buildlocal.agency/m/flyers/valley-roofing-and-repair-back.png,https://demo.buildlocal.agency/q/ro0012,valley-roofing-and-repair,ro0012,roofing,yes
Arizona Sky Roofing Consultants - Roofin,2954 E Gable Cir,,Mesa,AZ,85204,https://demo.buildlocal.agency/m/flyers/arizona-sky-roofing-consultants-roofing-contractor-and-roof--front.png,https://demo.buildlocal.agency/m/flyers/arizona-sky-roofing-consultants-roofing-contractor-and-roof--back.png,https://demo.buildlocal.agency/q/ro0013,arizona-sky-roofing-consultants-roofing-contractor-and-roof-,ro0013,roofing,yes
A1 Roofing Solutions,2450 W Broadway Rd UNIT 108,,Mesa,AZ,85202,https://demo.buildlocal.agency/m/flyers/a1-roofing-solutions-front.png,https://demo.buildlocal.agency/m/flyers/a1-roofing-solutions-back.png,https://demo.buildlocal.agency/q/ro0014,a1-roofing-solutions,ro0014,roofing,yes
Johnson Roofing Llc,1121 S Horne,,Mesa,AZ,85204,https://demo.buildlocal.agency/m/flyers/johnson-roofing-llc-front.png,https://demo.buildlocal.agency/m/flyers/johnson-roofing-llc-back.png,https://demo.buildlocal.agency/q/ro0015,johnson-roofing-llc,ro0015,roofing,yes
"Right Way Roofing, Inc.",8255 E Willetta St,,Mesa,AZ,85207,https://demo.buildlocal.agency/m/flyers/right-way-roofing-inc-front.png,https://demo.buildlocal.agency/m/flyers/right-way-roofing-inc-back.png,https://demo.buildlocal.agency/q/ro0017,right-way-roofing-inc,ro0017,roofing,yes
The Roofing Company,935 E Sorenson Cir,,Mesa,AZ,85203,https://demo.buildlocal.agency/m/flyers/the-roofing-company-front.png,https://demo.buildlocal.agency/m/flyers/the-roofing-company-back.png,https://demo.buildlocal.agency/q/ro0018,the-roofing-company,ro0018,roofing,yes
Overson Roofing,842 E Isabella Ave Ste. 101,,Mesa,AZ,85204,https://demo.buildlocal.agency/m/flyers/overson-roofing-front.png,https://demo.buildlocal.agency/m/flyers/overson-roofing-back.png,https://demo.buildlocal.agency/q/ro0019,overson-roofing,ro0019,roofing,yes
Mesa Roofing - Roof Repair & Replacement,2353 W Jacinto Ave,,Mesa,AZ,85202,https://demo.buildlocal.agency/m/flyers/mesa-roofing-roof-repair-and-replacement-front.png,https://demo.buildlocal.agency/m/flyers/mesa-roofing-roof-repair-and-replacement-back.png,https://demo.buildlocal.agency/q/ro0020,mesa-roofing-roof-repair-and-replacement,ro0020,roofing,yes
"Stout Roofing, Inc. | Mesa",1117 W University Dr,,Mesa,AZ,85201,https://demo.buildlocal.agency/m/flyers/stout-roofing-inc-mesa-front.png,https://demo.buildlocal.agency/m/flyers/stout-roofing-inc-mesa-back.png,https://demo.buildlocal.agency/q/ro0021,stout-roofing-inc-mesa,ro0021,roofing,yes
Icon Roofing,2150 E Brown Rd #4,,Mesa,AZ,85213,https://demo.buildlocal.agency/m/flyers/icon-roofing-front.png,https://demo.buildlocal.agency/m/flyers/icon-roofing-back.png,https://demo.buildlocal.agency/q/ro0022,icon-roofing,ro0022,roofing,yes
Arizona Roofing Systems,935 E Sorenson Cir,,Mesa,AZ,85203,https://demo.buildlocal.agency/m/flyers/arizona-roofing-systems-front.png,https://demo.buildlocal.agency/m/flyers/arizona-roofing-systems-back.png,https://demo.buildlocal.agency/q/ro0023,arizona-roofing-systems,ro0023,roofing,yes
Titan Roofing & Construction,1107 S Gilbert Rd #210,,Mesa,AZ,85204,https://demo.buildlocal.agency/m/flyers/titan-roofing-and-construction-front.png,https://demo.buildlocal.agency/m/flyers/titan-roofing-and-construction-back.png,https://demo.buildlocal.agency/q/ro0024,titan-roofing-and-construction,ro0024,roofing,yes
Real Roofing,481 N Arizona Ave,,Chandler,AZ,85225,https://demo.buildlocal.agency/m/flyers/real-roofing-front.png,https://demo.buildlocal.agency/m/flyers/real-roofing-back.png,https://demo.buildlocal.agency/q/ro0025,real-roofing,ro0025,roofing,yes
Chandler Roofing - Roof Repair & Replace,250 S Arizona Ave Suite 1,,Chandler,AZ,85225,https://demo.buildlocal.agency/m/flyers/chandler-roofing-roof-repair-and-replacement-front.png,https://demo.buildlocal.agency/m/flyers/chandler-roofing-roof-repair-and-replacement-back.png,https://demo.buildlocal.agency/q/ro0026,chandler-roofing-roof-repair-and-replacement,ro0026,roofing,yes
Next Level Roofers Chandler,1245 W Chandler Blvd,,Chandler,AZ,85224,https://demo.buildlocal.agency/m/flyers/next-level-roofers-chandler-front.png,https://demo.buildlocal.agency/m/flyers/next-level-roofers-chandler-back.png,https://demo.buildlocal.agency/q/ro0027,next-level-roofers-chandler,ro0027,roofing,yes
Discount Roofing LLC,1787 E Carla Vista Dr,,Chandler,AZ,85225,https://demo.buildlocal.agency/m/flyers/discount-roofing-llc-front.png,https://demo.buildlocal.agency/m/flyers/discount-roofing-llc-back.png,https://demo.buildlocal.agency/q/ro0028,discount-roofing-llc,ro0028,roofing,yes
Roofing All Stars,2840 E Germann Rd #1011,,Chandler,AZ,85286,https://demo.buildlocal.agency/m/flyers/roofing-all-stars-front.png,https://demo.buildlocal.agency/m/flyers/roofing-all-stars-back.png,https://demo.buildlocal.agency/q/ro0029,roofing-all-stars,ro0029,roofing,yes
Power Peak Roofing,235 W Warner Rd #8,,Chandler,AZ,85225,https://demo.buildlocal.agency/m/flyers/power-peak-roofing-front.png,https://demo.buildlocal.agency/m/flyers/power-peak-roofing-back.png,https://demo.buildlocal.agency/q/ro0030,power-peak-roofing,ro0030,roofing,yes
Ultimate Roofing Chandler,109 W Boston St #3,,Chandler,AZ,85225,https://demo.buildlocal.agency/m/flyers/ultimate-roofing-chandler-front.png,https://demo.buildlocal.agency/m/flyers/ultimate-roofing-chandler-back.png,https://demo.buildlocal.agency/q/ro0031,ultimate-roofing-chandler,ro0031,roofing,yes
Champion Metal Roofing Chandler,2434 E Westchester Dr,,Chandler,AZ,85249,https://demo.buildlocal.agency/m/flyers/champion-metal-roofing-chandler-front.png,https://demo.buildlocal.agency/m/flyers/champion-metal-roofing-chandler-back.png,https://demo.buildlocal.agency/q/ro0032,champion-metal-roofing-chandler,ro0032,roofing,yes
VHB Roofing,4980 S Alma School Rd #2-411,,Chandler,AZ,85248,https://demo.buildlocal.agency/m/flyers/vhb-roofing-front.png,https://demo.buildlocal.agency/m/flyers/vhb-roofing-back.png,https://demo.buildlocal.agency/q/ro0034,vhb-roofing,ro0034,roofing,yes
ProGuard Roofing,1721 N Arizona Ave,,Chandler,AZ,85225,https://demo.buildlocal.agency/m/flyers/proguard-roofing-front.png,https://demo.buildlocal.agency/m/flyers/proguard-roofing-back.png,https://demo.buildlocal.agency/q/ro0035,proguard-roofing,ro0035,roofing,yes
#1 Desert Roofing,572 N Cheri Lynn Dr,,Chandler,AZ,85225,https://demo.buildlocal.agency/m/flyers/1-desert-roofing-front.png,https://demo.buildlocal.agency/m/flyers/1-desert-roofing-back.png,https://demo.buildlocal.agency/q/ro0036,1-desert-roofing,ro0036,roofing,yes
Skylux Builders LLC – Roofing & Roof Rep,1413 N Sunview Pkwy,,Gilbert,AZ,85234,https://demo.buildlocal.agency/m/flyers/skylux-builders-llc-roofing-and-roof-repair-gilbert-front.png,https://demo.buildlocal.agency/m/flyers/skylux-builders-llc-roofing-and-roof-repair-gilbert-back.png,https://demo.buildlocal.agency/q/ro0037,skylux-builders-llc-roofing-and-roof-repair-gilbert,ro0037,roofing,yes
Weather-Tite Roofing & Construction,1220 W Houston Ave ste 2,,Gilbert,AZ,85233,https://demo.buildlocal.agency/m/flyers/weather-tite-roofing-and-construction-front.png,https://demo.buildlocal.agency/m/flyers/weather-tite-roofing-and-construction-back.png,https://demo.buildlocal.agency/q/ro0038,weather-tite-roofing-and-construction,ro0038,roofing,yes
Maverick Roofing And Exteriors | Gilbert,3248 E Isaiah Ct,,Gilbert,AZ,85298,https://demo.buildlocal.agency/m/flyers/maverick-roofing-and-exteriors-gilbert-az-front.png,https://demo.buildlocal.agency/m/flyers/maverick-roofing-and-exteriors-gilbert-az-back.png,https://demo.buildlocal.agency/q/ro0039,maverick-roofing-and-exteriors-gilbert-az,ro0039,roofing,yes
Panda Roofing and Construction,734 N Golden Key St Suite E-1,,Gilbert,AZ,85233,https://demo.buildlocal.agency/m/flyers/panda-roofing-and-construction-front.png,https://demo.buildlocal.agency/m/flyers/panda-roofing-and-construction-back.png,https://demo.buildlocal.agency/q/ro0040,panda-roofing-and-construction,ro0040,roofing,yes
Parker & Sons,3636 E Anne St A,,Phoenix,AZ,85040,https://demo.buildlocal.agency/m/flyers/parker-and-sons-front.png,https://demo.buildlocal.agency/m/flyers/parker-and-sons-back.png,https://demo.buildlocal.agency/q/hv0001,parker-and-sons,hv0001,hvac,yes
"Day & Night Air Conditioning, Heating, &",3669 E La Salle St,,Phoenix,AZ,85040,https://demo.buildlocal.agency/m/flyers/day-and-night-air-conditioning-heating-and-plumbing-front.png,https://demo.buildlocal.agency/m/flyers/day-and-night-air-conditioning-heating-and-plumbing-back.png,https://demo.buildlocal.agency/q/hv0002,day-and-night-air-conditioning-heating-and-plumbing,hv0002,hvac,yes
Goettl Air Conditioning and Plumbing - P,4611 E Baseline Rd,,Phoenix,AZ,85042,https://demo.buildlocal.agency/m/flyers/goettl-air-conditioning-and-plumbing-phoenix-az-front.png,https://demo.buildlocal.agency/m/flyers/goettl-air-conditioning-and-plumbing-phoenix-az-back.png,https://demo.buildlocal.agency/q/hv0003,goettl-air-conditioning-and-plumbing-phoenix-az,hv0003,hvac,yes
Desert Diamond Air Cooling & Heating,16602 N 25th Ave,,Phoenix,AZ,85023,https://demo.buildlocal.agency/m/flyers/desert-diamond-air-cooling-and-heating-front.png,https://demo.buildlocal.agency/m/flyers/desert-diamond-air-cooling-and-heating-back.png,https://demo.buildlocal.agency/q/hv0004,desert-diamond-air-cooling-and-heating,hv0004,hvac,yes
Ideal Air Conditioning and Insulation,4127 E University Dr,,Phoenix,AZ,85034,https://demo.buildlocal.agency/m/flyers/ideal-air-conditioning-and-insulation-front.png,https://demo.buildlocal.agency/m/flyers/ideal-air-conditioning-and-insulation-back.png,https://demo.buildlocal.agency/q/hv0005,ideal-air-conditioning-and-insulation,hv0005,hvac,yes
North Valley Mechanical HVAC & Plumbing,2110 W Greenway Rd,,Phoenix,AZ,85023,https://demo.buildlocal.agency/m/flyers/north-valley-mechanical-hvac-and-plumbing-front.png,https://demo.buildlocal.agency/m/flyers/north-valley-mechanical-hvac-and-plumbing-back.png,https://demo.buildlocal.agency/q/hv0006,north-valley-mechanical-hvac-and-plumbing,hv0006,hvac,yes
Scottsdale Air Heating & Cooling,4747 E Thomas Rd STE F,,Phoenix,AZ,85018,https://demo.buildlocal.agency/m/flyers/scottsdale-air-heating-and-cooling-front.png,https://demo.buildlocal.agency/m/flyers/scottsdale-air-heating-and-cooling-back.png,https://demo.buildlocal.agency/q/hv0007,scottsdale-air-heating-and-cooling,hv0007,hvac,yes
"1st Choice Plumbing, Air & Insulation",23309 N 17th Dr STE 116,,Phoenix,AZ,85027,https://demo.buildlocal.agency/m/flyers/1st-choice-plumbing-air-and-insulation-front.png,https://demo.buildlocal.agency/m/flyers/1st-choice-plumbing-air-and-insulation-back.png,https://demo.buildlocal.agency/q/hv0008,1st-choice-plumbing-air-and-insulation,hv0008,hvac,yes
AZ Perfect Comfort Heating & Cooling,20650 N 29th Pl STE 104,,Phoenix,AZ,85050,https://demo.buildlocal.agency/m/flyers/az-perfect-comfort-heating-and-cooling-front.png,https://demo.buildlocal.agency/m/flyers/az-perfect-comfort-heating-and-cooling-back.png,https://demo.buildlocal.agency/q/hv0009,az-perfect-comfort-heating-and-cooling,hv0009,hvac,yes
Hobaica Services,10636 N Cave Creek Rd,,Phoenix,AZ,85020,https://demo.buildlocal.agency/m/flyers/hobaica-services-front.png,https://demo.buildlocal.agency/m/flyers/hobaica-services-back.png,https://demo.buildlocal.agency/q/hv0010,hobaica-services,hv0010,hvac,yes
Cool Zone Air Conditioning & Heating,2329 W Mescal St Suite 308,,Phoenix,AZ,85029,https://demo.buildlocal.agency/m/flyers/cool-zone-air-conditioning-and-heating-front.png,https://demo.buildlocal.agency/m/flyers/cool-zone-air-conditioning-and-heating-back.png,https://demo.buildlocal.agency/q/hv0011,cool-zone-air-conditioning-and-heating,hv0011,hvac,yes
Benefit Air Conditioning,1315 W Indian School Rd,,Phoenix,AZ,85013,https://demo.buildlocal.agency/m/flyers/benefit-air-conditioning-front.png,https://demo.buildlocal.agency/m/flyers/benefit-air-conditioning-back.png,https://demo.buildlocal.agency/q/hv0012,benefit-air-conditioning,hv0012,hvac,yes
"John's Heating, Cooling, and Plumbing",211 E 10th Dr #2,,Mesa,AZ,85210,https://demo.buildlocal.agency/m/flyers/john-s-heating-cooling-and-plumbing-front.png,https://demo.buildlocal.agency/m/flyers/john-s-heating-cooling-and-plumbing-back.png,https://demo.buildlocal.agency/q/hv0013,john-s-heating-cooling-and-plumbing,hv0013,hvac,yes
ASAP Air Conditioning And Heating,3653 E Main St,,Mesa,AZ,85205,https://demo.buildlocal.agency/m/flyers/asap-air-conditioning-and-heating-front.png,https://demo.buildlocal.agency/m/flyers/asap-air-conditioning-and-heating-back.png,https://demo.buildlocal.agency/q/hv0014,asap-air-conditioning-and-heating,hv0014,hvac,yes
Norris Air,3841 E Main St,,Mesa,AZ,85205,https://demo.buildlocal.agency/m/flyers/norris-air-front.png,https://demo.buildlocal.agency/m/flyers/norris-air-back.png,https://demo.buildlocal.agency/q/hv0015,norris-air,hv0015,hvac,yes
HVAC Mesa,1818 E Southern Ave,,Mesa,AZ,85204,https://demo.buildlocal.agency/m/flyers/hvac-mesa-front.png,https://demo.buildlocal.agency/m/flyers/hvac-mesa-back.png,https://demo.buildlocal.agency/q/hv0016,hvac-mesa,hv0016,hvac,yes
Honest Air Inc.,2942 N Greenfield Rd STE 147,,Mesa,AZ,85215,https://demo.buildlocal.agency/m/flyers/honest-air-inc-front.png,https://demo.buildlocal.agency/m/flyers/honest-air-inc-back.png,https://demo.buildlocal.agency/q/hv0017,honest-air-inc,hv0017,hvac,yes
Comfort Experts,1610 N Rosemont STE 113,,Mesa,AZ,85205,https://demo.buildlocal.agency/m/flyers/comfort-experts-front.png,https://demo.buildlocal.agency/m/flyers/comfort-experts-back.png,https://demo.buildlocal.agency/q/hv0018,comfort-experts,hv0018,hvac,yes
Alan's Air,2451 W Birchwood Ave # 113,,Mesa,AZ,85202,https://demo.buildlocal.agency/m/flyers/alan-s-air-front.png,https://demo.buildlocal.agency/m/flyers/alan-s-air-back.png,https://demo.buildlocal.agency/q/hv0019,alan-s-air,hv0019,hvac,yes
JMAC Heating & Cooling,1843 S Old Greenfield Rd,,Mesa,AZ,85206,https://demo.buildlocal.agency/m/flyers/jmac-heating-and-cooling-front.png,https://demo.buildlocal.agency/m/flyers/jmac-heating-and-cooling-back.png,https://demo.buildlocal.agency/q/hv0020,jmac-heating-and-cooling,hv0020,hvac,yes
AirTime Cooling and Heating,1540 S Gilbert Rd,,Mesa,AZ,85204,https://demo.buildlocal.agency/m/flyers/airtime-cooling-and-heating-front.png,https://demo.buildlocal.agency/m/flyers/airtime-cooling-and-heating-back.png,https://demo.buildlocal.agency/q/hv0021,airtime-cooling-and-heating,hv0021,hvac,yes
Rusty's Air Conditioning And Heating,7509 E Southern Ave STE 108,,Mesa,AZ,85209,https://demo.buildlocal.agency/m/flyers/rusty-s-air-conditioning-and-heating-front.png,https://demo.buildlocal.agency/m/flyers/rusty-s-air-conditioning-and-heating-back.png,https://demo.buildlocal.agency/q/hv0022,rusty-s-air-conditioning-and-heating,hv0022,hvac,yes
Arizona's Dukes of Air & Plumbing,6938 E Parkway Norte,,Mesa,AZ,85212,https://demo.buildlocal.agency/m/flyers/arizona-s-dukes-of-air-and-plumbing-front.png,https://demo.buildlocal.agency/m/flyers/arizona-s-dukes-of-air-and-plumbing-back.png,https://demo.buildlocal.agency/q/hv0023,arizona-s-dukes-of-air-and-plumbing,hv0023,hvac,yes
AZ Home Services Group AC Repair & Plumb,3707 E Southern Ave,,Mesa,AZ,85206,https://demo.buildlocal.agency/m/flyers/az-home-services-group-ac-repair-and-plumbing-services-of-me-front.png,https://demo.buildlocal.agency/m/flyers/az-home-services-group-ac-repair-and-plumbing-services-of-me-back.png,https://demo.buildlocal.agency/q/hv0024,az-home-services-group-ac-repair-and-plumbing-services-of-me,hv0024,hvac,yes
Superior Heating and Air Conditioning,995 S Hamilton St,,Chandler,AZ,85225,https://demo.buildlocal.agency/m/flyers/superior-heating-and-air-conditioning-front.png,https://demo.buildlocal.agency/m/flyers/superior-heating-and-air-conditioning-back.png,https://demo.buildlocal.agency/q/hv0025,superior-heating-and-air-conditioning,hv0025,hvac,yes
Chandler Air,3250 N Colorado St,,Chandler,AZ,85225,https://demo.buildlocal.agency/m/flyers/chandler-air-front.png,https://demo.buildlocal.agency/m/flyers/chandler-air-back.png,https://demo.buildlocal.agency/q/hv0026,chandler-air,hv0026,hvac,yes
Mason Pro Services,2200 N Arizona Ave #18,,Chandler,AZ,85225,https://demo.buildlocal.agency/m/flyers/mason-pro-services-front.png,https://demo.buildlocal.agency/m/flyers/mason-pro-services-back.png,https://demo.buildlocal.agency/q/hv0027,mason-pro-services,hv0027,hvac,yes
Climate Pro LLC,375 E Elliot Rd,,Chandler,AZ,85225,https://demo.buildlocal.agency/m/flyers/climate-pro-llc-front.png,https://demo.buildlocal.agency/m/flyers/climate-pro-llc-back.png,https://demo.buildlocal.agency/q/hv0028,climate-pro-llc,hv0028,hvac,yes
HVAC Near Me,947 W Redwood Dr,,Chandler,AZ,85248,https://demo.buildlocal.agency/m/flyers/hvac-near-me-front.png,https://demo.buildlocal.agency/m/flyers/hvac-near-me-back.png,https://demo.buildlocal.agency/q/hv0029,hvac-near-me,hv0029,hvac,yes
Precision Air & Plumbing,3045 N Colorado St Ste 3,,Chandler,AZ,85225,https://demo.buildlocal.agency/m/flyers/precision-air-and-plumbing-front.png,https://demo.buildlocal.agency/m/flyers/precision-air-and-plumbing-back.png,https://demo.buildlocal.agency/q/hv0030,precision-air-and-plumbing,hv0030,hvac,yes
Ken Muncy Air Conditioning,450 E Warner Rd Ste 6,,Chandler,AZ,85225,https://demo.buildlocal.agency/m/flyers/ken-muncy-air-conditioning-front.png,https://demo.buildlocal.agency/m/flyers/ken-muncy-air-conditioning-back.png,https://demo.buildlocal.agency/q/hv0031,ken-muncy-air-conditioning,hv0031,hvac,yes
Bruce's Air Conditioning,650 S 79th St,,Chandler,AZ,85226,https://demo.buildlocal.agency/m/flyers/bruce-s-air-conditioning-front.png,https://demo.buildlocal.agency/m/flyers/bruce-s-air-conditioning-back.png,https://demo.buildlocal.agency/q/hv0032,bruce-s-air-conditioning,hv0032,hvac,yes
AC Repair Near Me,77 W Chicago St Unit 4,,Chandler,AZ,85225,https://demo.buildlocal.agency/m/flyers/ac-repair-near-me-front.png,https://demo.buildlocal.agency/m/flyers/ac-repair-near-me-back.png,https://demo.buildlocal.agency/q/hv0033,ac-repair-near-me,hv0033,hvac,yes
"Ground Zero Plumbing, AC and Electrical ",17 S Roosevelt Ave,,Chandler,AZ,85226,https://demo.buildlocal.agency/m/flyers/ground-zero-plumbing-ac-and-electrical-chandler-front.png,https://demo.buildlocal.agency/m/flyers/ground-zero-plumbing-ac-and-electrical-chandler-back.png,https://demo.buildlocal.agency/q/hv0034,ground-zero-plumbing-ac-and-electrical-chandler,hv0034,hvac,yes
Hendel's Air Conditioning Inc.,3434 N Arizona Ave,,Chandler,AZ,85225,https://demo.buildlocal.agency/m/flyers/hendel-s-air-conditioning-inc-front.png,https://demo.buildlocal.agency/m/flyers/hendel-s-air-conditioning-inc-back.png,https://demo.buildlocal.agency/q/hv0035,hendel-s-air-conditioning-inc,hv0035,hvac,yes
Monster Air & Mechanical LLC,975 E Riggs Rd Ste 12-177,,Chandler,AZ,85249,https://demo.buildlocal.agency/m/flyers/monster-air-and-mechanical-llc-front.png,https://demo.buildlocal.agency/m/flyers/monster-air-and-mechanical-llc-back.png,https://demo.buildlocal.agency/q/hv0036,monster-air-and-mechanical-llc,hv0036,hvac,yes
True North Air Conditioning,724 N Monterey St Suite B,,Gilbert,AZ,85233,https://demo.buildlocal.agency/m/flyers/true-north-air-conditioning-front.png,https://demo.buildlocal.agency/m/flyers/true-north-air-conditioning-back.png,https://demo.buildlocal.agency/q/hv0037,true-north-air-conditioning,hv0037,hvac,yes
A/C & Plumbing Doctors,1394 N Farrell Ct,,Gilbert,AZ,85233,https://demo.buildlocal.agency/m/flyers/a-c-and-plumbing-doctors-front.png,https://demo.buildlocal.agency/m/flyers/a-c-and-plumbing-doctors-back.png,https://demo.buildlocal.agency/q/hv0038,a-c-and-plumbing-doctors,hv0038,hvac,yes
Ellsworth Air Conditioning and Plumbing,700 N Neely St #1,,Gilbert,AZ,85233,https://demo.buildlocal.agency/m/flyers/ellsworth-air-conditioning-and-plumbing-front.png,https://demo.buildlocal.agency/m/flyers/ellsworth-air-conditioning-and-plumbing-back.png,https://demo.buildlocal.agency/q/hv0039,ellsworth-air-conditioning-and-plumbing,hv0039,hvac,yes
"Olive Air, Heating & AC Repair",1873 S Colt Dr,,Gilbert,AZ,85295,https://demo.buildlocal.agency/m/flyers/olive-air-heating-and-ac-repair-front.png,https://demo.buildlocal.agency/m/flyers/olive-air-heating-and-ac-repair-back.png,https://demo.buildlocal.agency/q/hv0040,olive-air-heating-and-ac-repair,hv0040,hvac,yes
Bestway Pool Service & Repair Co.,11028 N 32nd St,,Phoenix,AZ,85028,https://demo.buildlocal.agency/m/flyers/bestway-pool-service-and-repair-co-front.png,https://demo.buildlocal.agency/m/flyers/bestway-pool-service-and-repair-co-back.png,https://demo.buildlocal.agency/q/pl0001,bestway-pool-service-and-repair-co,pl0001,pool,yes
AZ Mobile Pool Service,4041 E Hartford Ave,,Phoenix,AZ,85032,https://demo.buildlocal.agency/m/flyers/az-mobile-pool-service-front.png,https://demo.buildlocal.agency/m/flyers/az-mobile-pool-service-back.png,https://demo.buildlocal.agency/q/pl0003,az-mobile-pool-service,pl0003,pool,yes
k&k pool service,"Greenway Estates, 15207 North 23rd Pl",,Phoenix,AZ,85022,https://demo.buildlocal.agency/m/flyers/kandk-pool-service-front.png,https://demo.buildlocal.agency/m/flyers/kandk-pool-service-back.png,https://demo.buildlocal.agency/q/pl0005,kandk-pool-service,pl0005,pool,yes
Aqua Harmony Pools,3726 W Roanoke Ave Suite 15,,Phoenix,AZ,85009,https://demo.buildlocal.agency/m/flyers/aqua-harmony-pools-front.png,https://demo.buildlocal.agency/m/flyers/aqua-harmony-pools-back.png,https://demo.buildlocal.agency/q/pl0008,aqua-harmony-pools,pl0008,pool,yes
AAA Pool Services,428 E Thunderbird Rd,,Phoenix,AZ,85022,https://demo.buildlocal.agency/m/flyers/aaa-pool-services-front.png,https://demo.buildlocal.agency/m/flyers/aaa-pool-services-back.png,https://demo.buildlocal.agency/q/pl0009,aaa-pool-services,pl0009,pool,yes
Swimming Pool Service & Repair,2142 E Jefferson St,,Phoenix,AZ,85034,https://demo.buildlocal.agency/m/flyers/swimming-pool-service-and-repair-front.png,https://demo.buildlocal.agency/m/flyers/swimming-pool-service-and-repair-back.png,https://demo.buildlocal.agency/q/pl0011,swimming-pool-service-and-repair,pl0011,pool,yes
"M.E.H. Pool Services, Inc.",6050 N Black Cyn Hwy,,Phoenix,AZ,85017,https://demo.buildlocal.agency/m/flyers/m-e-h-pool-services-inc-front.png,https://demo.buildlocal.agency/m/flyers/m-e-h-pool-services-inc-back.png,https://demo.buildlocal.agency/q/pl0012,m-e-h-pool-services-inc,pl0012,pool,yes
Baker Pool Maintenance LLC,8550 E Monte Ave,,Mesa,AZ,85209,https://demo.buildlocal.agency/m/flyers/baker-pool-maintenance-llc-front.png,https://demo.buildlocal.agency/m/flyers/baker-pool-maintenance-llc-back.png,https://demo.buildlocal.agency/q/pl0013,baker-pool-maintenance-llc,pl0013,pool,yes
Octopus Pool Service & Repair,3707 E Southern Ave Suite 100,,Mesa,AZ,85206,https://demo.buildlocal.agency/m/flyers/octopus-pool-service-and-repair-front.png,https://demo.buildlocal.agency/m/flyers/octopus-pool-service-and-repair-back.png,https://demo.buildlocal.agency/q/pl0014,octopus-pool-service-and-repair,pl0014,pool,yes
Can You Fix My Pool LLC Heaters Pumps Fi,2747 E University Dr #9246,,Mesa,AZ,85213,https://demo.buildlocal.agency/m/flyers/can-you-fix-my-pool-llc-heaters-pumps-filters-repair-install-front.png,https://demo.buildlocal.agency/m/flyers/can-you-fix-my-pool-llc-heaters-pumps-filters-repair-install-back.png,https://demo.buildlocal.agency/q/pl0015,can-you-fix-my-pool-llc-heaters-pumps-filters-repair-install,pl0015,pool,yes
Clear Water Pool Repair LLC,1535 N Horne UNIT 51,,Mesa,AZ,85203,https://demo.buildlocal.agency/m/flyers/clear-water-pool-repair-llc-front.png,https://demo.buildlocal.agency/m/flyers/clear-water-pool-repair-llc-back.png,https://demo.buildlocal.agency/q/pl0016,clear-water-pool-repair-llc,pl0016,pool,yes
Good Life Pool and Spa Care LLC,913 N Orlando,,Mesa,AZ,85205,https://demo.buildlocal.agency/m/flyers/good-life-pool-and-spa-care-llc-front.png,https://demo.buildlocal.agency/m/flyers/good-life-pool-and-spa-care-llc-back.png,https://demo.buildlocal.agency/q/pl0017,good-life-pool-and-spa-care-llc,pl0017,pool,yes
Tropical Pool Services,3755 E Isabella Ave,,Mesa,AZ,85206,https://demo.buildlocal.agency/m/flyers/tropical-pool-services-front.png,https://demo.buildlocal.agency/m/flyers/tropical-pool-services-back.png,https://demo.buildlocal.agency/q/pl0018,tropical-pool-services,pl0018,pool,yes
Blue Clover Pool Service,638 W Contessa Cir,,Mesa,AZ,85201,https://demo.buildlocal.agency/m/flyers/blue-clover-pool-service-front.png,https://demo.buildlocal.agency/m/flyers/blue-clover-pool-service-back.png,https://demo.buildlocal.agency/q/pl0019,blue-clover-pool-service,pl0019,pool,yes
Five Star Pool Service,3137 E Nora Cir,,Mesa,AZ,85213,https://demo.buildlocal.agency/m/flyers/five-star-pool-service-front.png,https://demo.buildlocal.agency/m/flyers/five-star-pool-service-back.png,https://demo.buildlocal.agency/q/pl0020,five-star-pool-service,pl0020,pool,yes
Blue Tide Pool Care,1955 W Baseline Rd Ste 113-343,,Mesa,AZ,85202,https://demo.buildlocal.agency/m/flyers/blue-tide-pool-care-front.png,https://demo.buildlocal.agency/m/flyers/blue-tide-pool-care-back.png,https://demo.buildlocal.agency/q/pl0021,blue-tide-pool-care,pl0021,pool,yes
"Trilogy Pools Service & Repair, LLC",1039 E Broadway Rd,,Mesa,AZ,85204,https://demo.buildlocal.agency/m/flyers/trilogy-pools-service-and-repair-llc-front.png,https://demo.buildlocal.agency/m/flyers/trilogy-pools-service-and-repair-llc-back.png,https://demo.buildlocal.agency/q/pl0023,trilogy-pools-service-and-repair-llc,pl0023,pool,yes
Four Seasons Pool Service,603 W McNair St,,Chandler,AZ,85225,https://demo.buildlocal.agency/m/flyers/four-seasons-pool-service-front.png,https://demo.buildlocal.agency/m/flyers/four-seasons-pool-service-back.png,https://demo.buildlocal.agency/q/pl0024,four-seasons-pool-service,pl0024,pool,yes
Off the Deep End Pool Service LLC,3454 N San Marcos Pl,,Chandler,AZ,85225,https://demo.buildlocal.agency/m/flyers/off-the-deep-end-pool-service-llc-front.png,https://demo.buildlocal.agency/m/flyers/off-the-deep-end-pool-service-llc-back.png,https://demo.buildlocal.agency/q/pl0025,off-the-deep-end-pool-service-llc,pl0025,pool,yes
Crystal Falls Pool Service,3155 N Nevada St #5,,Chandler,AZ,85225,https://demo.buildlocal.agency/m/flyers/crystal-falls-pool-service-front.png,https://demo.buildlocal.agency/m/flyers/crystal-falls-pool-service-back.png,https://demo.buildlocal.agency/q/pl0026,crystal-falls-pool-service,pl0026,pool,yes
Aloha Desert Pools,3100 W Ray Rd #201,,Chandler,AZ,85226,https://demo.buildlocal.agency/m/flyers/aloha-desert-pools-front.png,https://demo.buildlocal.agency/m/flyers/aloha-desert-pools-back.png,https://demo.buildlocal.agency/q/pl0027,aloha-desert-pools,pl0027,pool,yes
Larimar Pool Services,684 N Longmore St,,Chandler,AZ,85224,https://demo.buildlocal.agency/m/flyers/larimar-pool-services-front.png,https://demo.buildlocal.agency/m/flyers/larimar-pool-services-back.png,https://demo.buildlocal.agency/q/pl0028,larimar-pool-services,pl0028,pool,yes
AZ Oasis Pools,116 N Roosevelt Ave #135,,Chandler,AZ,85226,https://demo.buildlocal.agency/m/flyers/az-oasis-pools-front.png,https://demo.buildlocal.agency/m/flyers/az-oasis-pools-back.png,https://demo.buildlocal.agency/q/pl0029,az-oasis-pools,pl0029,pool,yes
Hayden's Pool Service & Repair,646 W Myrtle Dr,,Chandler,AZ,85248,https://demo.buildlocal.agency/m/flyers/hayden-s-pool-service-and-repair-front.png,https://demo.buildlocal.agency/m/flyers/hayden-s-pool-service-and-repair-back.png,https://demo.buildlocal.agency/q/pl0030,hayden-s-pool-service-and-repair,pl0030,pool,yes
Blue Mountain Pool Care,2440 E Germann Rd Suite 1,,Chandler,AZ,85286,https://demo.buildlocal.agency/m/flyers/blue-mountain-pool-care-front.png,https://demo.buildlocal.agency/m/flyers/blue-mountain-pool-care-back.png,https://demo.buildlocal.agency/q/pl0031,blue-mountain-pool-care,pl0031,pool,yes
Pool Spa Cleaner LLC.,881 N Forest Ct,,Chandler,AZ,85226,https://demo.buildlocal.agency/m/flyers/pool-spa-cleaner-llc-front.png,https://demo.buildlocal.agency/m/flyers/pool-spa-cleaner-llc-back.png,https://demo.buildlocal.agency/q/pl0033,pool-spa-cleaner-llc,pl0033,pool,yes
Sunflower Pools Service & Repair,881 N Longmore St,,Chandler,AZ,85224,https://demo.buildlocal.agency/m/flyers/sunflower-pools-service-and-repair-front.png,https://demo.buildlocal.agency/m/flyers/sunflower-pools-service-and-repair-back.png,https://demo.buildlocal.agency/q/pl0034,sunflower-pools-service-and-repair,pl0034,pool,yes
Sun Devil Pool Supply & Service,2975 E Ocotillo Rd,,Chandler,AZ,85249,https://demo.buildlocal.agency/m/flyers/sun-devil-pool-supply-and-service-front.png,https://demo.buildlocal.agency/m/flyers/sun-devil-pool-supply-and-service-back.png,https://demo.buildlocal.agency/q/pl0035,sun-devil-pool-supply-and-service,pl0035,pool,yes
Gilbert Pool Repairs- Remodels & Weekly ,N Greenfield Rd,,Gilbert,AZ,85234,https://demo.buildlocal.agency/m/flyers/gilbert-pool-repairs-remodels-and-weekly-service-front.png,https://demo.buildlocal.agency/m/flyers/gilbert-pool-repairs-remodels-and-weekly-service-back.png,https://demo.buildlocal.agency/q/pl0036,gilbert-pool-repairs-remodels-and-weekly-service,pl0036,pool,yes
Valley Pool Service LLC,3503 E Palo Verde St,,Gilbert,AZ,85296,https://demo.buildlocal.agency/m/flyers/valley-pool-service-llc-front.png,https://demo.buildlocal.agency/m/flyers/valley-pool-service-llc-back.png,https://demo.buildlocal.agency/q/pl0038,valley-pool-service-llc,pl0038,pool,yes
Gilbert Pool Services LLC,1450 W Guadalupe Rd,,Gilbert,AZ,85233,https://demo.buildlocal.agency/m/flyers/gilbert-pool-services-llc-front.png,https://demo.buildlocal.agency/m/flyers/gilbert-pool-services-llc-back.png,https://demo.buildlocal.agency/q/pl0039,gilbert-pool-services-llc,pl0039,pool,yes
"Pelican Pools, LLC",98 E Page Ave,,Gilbert,AZ,85234,https://demo.buildlocal.agency/m/flyers/pelican-pools-llc-front.png,https://demo.buildlocal.agency/m/flyers/pelican-pools-llc-back.png,https://demo.buildlocal.agency/q/pl0040,pelican-pools-llc,pl0040,pool,yes
Urban Desert Pest Control,21639 N 12th Ave Ste. 201,,Phoenix,AZ,85027,https://demo.buildlocal.agency/m/flyers/urban-desert-pest-control-front.png,https://demo.buildlocal.agency/m/flyers/urban-desert-pest-control-back.png,https://demo.buildlocal.agency/q/pc0001,urban-desert-pest-control,pc0001,pest,yes
Green Home Pest Control,16042 N 32nd St Ste B13,,Phoenix,AZ,85032,https://demo.buildlocal.agency/m/flyers/green-home-pest-control-front.png,https://demo.buildlocal.agency/m/flyers/green-home-pest-control-back.png,https://demo.buildlocal.agency/q/pc0002,green-home-pest-control,pc0002,pest,yes
Moxie Pest Control,4620 E Elwood St #12,,Phoenix,AZ,85040,https://demo.buildlocal.agency/m/flyers/moxie-pest-control-front.png,https://demo.buildlocal.agency/m/flyers/moxie-pest-control-back.png,https://demo.buildlocal.agency/q/pc0003,moxie-pest-control,pc0003,pest,yes
ACTION Termite & Pest Control,1101 W Melinda Ln STE B,,Phoenix,AZ,85027,https://demo.buildlocal.agency/m/flyers/action-termite-and-pest-control-front.png,https://demo.buildlocal.agency/m/flyers/action-termite-and-pest-control-back.png,https://demo.buildlocal.agency/q/pc0004,action-termite-and-pest-control,pc0004,pest,yes
Greenleaf Pest Control,31 W Lone Cactus Dr #5,,Phoenix,AZ,85027,https://demo.buildlocal.agency/m/flyers/greenleaf-pest-control-front.png,https://demo.buildlocal.agency/m/flyers/greenleaf-pest-control-back.png,https://demo.buildlocal.agency/q/pc0005,greenleaf-pest-control,pc0005,pest,yes
Naturzone Pest Control,12633 N Cave Creek Rd Ste,,Phoenix,AZ,85022,https://demo.buildlocal.agency/m/flyers/naturzone-pest-control-front.png,https://demo.buildlocal.agency/m/flyers/naturzone-pest-control-back.png,https://demo.buildlocal.agency/q/pc0006,naturzone-pest-control,pc0006,pest,yes
Greenway Pest Solutions,2406 S 24th St Suite 125C,,Phoenix,AZ,85034,https://demo.buildlocal.agency/m/flyers/greenway-pest-solutions-front.png,https://demo.buildlocal.agency/m/flyers/greenway-pest-solutions-back.png,https://demo.buildlocal.agency/q/pc0008,greenway-pest-solutions,pc0008,pest,yes
Bills Pest Termite Control,24820 N 16th Ave Suite 130,,Phoenix,AZ,85085,https://demo.buildlocal.agency/m/flyers/bills-pest-termite-control-front.png,https://demo.buildlocal.agency/m/flyers/bills-pest-termite-control-back.png,https://demo.buildlocal.agency/q/pc0009,bills-pest-termite-control,pc0009,pest,yes
Phoenix Pest & Termite Control,2911 N 26th Ave,,Phoenix,AZ,85017,https://demo.buildlocal.agency/m/flyers/phoenix-pest-and-termite-control-front.png,https://demo.buildlocal.agency/m/flyers/phoenix-pest-and-termite-control-back.png,https://demo.buildlocal.agency/q/pc0010,phoenix-pest-and-termite-control,pc0010,pest,yes
Greenleaf Pest Control,4926 E McDowell Rd #100,,Mesa,AZ,85008,https://demo.buildlocal.agency/m/flyers/greenleaf-pest-control-mesa-front.png,https://demo.buildlocal.agency/m/flyers/greenleaf-pest-control-mesa-back.png,https://demo.buildlocal.agency/q/pc0013,greenleaf-pest-control-mesa,pc0013,pest,yes
Orange Pest Control,1061 E University Dr,,Mesa,AZ,85203,https://demo.buildlocal.agency/m/flyers/orange-pest-control-front.png,https://demo.buildlocal.agency/m/flyers/orange-pest-control-back.png,https://demo.buildlocal.agency/q/pc0014,orange-pest-control,pc0014,pest,yes
Bulwark Exterminating,1228 E Broadway Rd,,Mesa,AZ,85204,https://demo.buildlocal.agency/m/flyers/bulwark-exterminating-front.png,https://demo.buildlocal.agency/m/flyers/bulwark-exterminating-back.png,https://demo.buildlocal.agency/q/pc0015,bulwark-exterminating,pc0015,pest,yes
Fromms Pest Control,4633 E Devonshire Ave,,Mesa,AZ,85018,https://demo.buildlocal.agency/m/flyers/fromms-pest-control-front.png,https://demo.buildlocal.agency/m/flyers/fromms-pest-control-back.png,https://demo.buildlocal.agency/q/pc0016,fromms-pest-control,pc0016,pest,yes
Arizona's Best Choice Pest & Termite Ser,8227 E Main St,,Mesa,AZ,85207,https://demo.buildlocal.agency/m/flyers/arizona-s-best-choice-pest-and-termite-services-mesa-front.png,https://demo.buildlocal.agency/m/flyers/arizona-s-best-choice-pest-and-termite-services-mesa-back.png,https://demo.buildlocal.agency/q/pc0017,arizona-s-best-choice-pest-and-termite-services-mesa,pc0017,pest,yes
EcoGuard Pest Control,4838 E Baseline Rd STE 128,,Mesa,AZ,85206,https://demo.buildlocal.agency/m/flyers/ecoguard-pest-control-front.png,https://demo.buildlocal.agency/m/flyers/ecoguard-pest-control-back.png,https://demo.buildlocal.agency/q/pc0019,ecoguard-pest-control,pc0019,pest,yes
Varsity Termite and Pest Control,6056 E Baseline Rd #110,,Mesa,AZ,85206,https://demo.buildlocal.agency/m/flyers/varsity-termite-and-pest-control-front.png,https://demo.buildlocal.agency/m/flyers/varsity-termite-and-pest-control-back.png,https://demo.buildlocal.agency/q/pc0020,varsity-termite-and-pest-control,pc0020,pest,yes
aloe pest control,127 W Juanita Ave #208,,Mesa,AZ,85210,https://demo.buildlocal.agency/m/flyers/aloe-pest-control-front.png,https://demo.buildlocal.agency/m/flyers/aloe-pest-control-back.png,https://demo.buildlocal.agency/q/pc0021,aloe-pest-control,pc0021,pest,yes
Raptor Pest Solutions,505 W 8th Ave #18,,Mesa,AZ,85210,https://demo.buildlocal.agency/m/flyers/raptor-pest-solutions-front.png,https://demo.buildlocal.agency/m/flyers/raptor-pest-solutions-back.png,https://demo.buildlocal.agency/q/pc0022,raptor-pest-solutions,pc0022,pest,yes
CAPE Pest Control,1256 S Pasadena,,Mesa,AZ,85210,https://demo.buildlocal.agency/m/flyers/cape-pest-control-front.png,https://demo.buildlocal.agency/m/flyers/cape-pest-control-back.png,https://demo.buildlocal.agency/q/pc0023,cape-pest-control,pc0023,pest,yes
Iron Mantis Pest Control,2650 E Southern Ave,,Mesa,AZ,85204,https://demo.buildlocal.agency/m/flyers/iron-mantis-pest-control-front.png,https://demo.buildlocal.agency/m/flyers/iron-mantis-pest-control-back.png,https://demo.buildlocal.agency/q/pc0024,iron-mantis-pest-control,pc0024,pest,yes
Simply Green Pest Control,2775 N Arizona Ave Ste 4,,Chandler,AZ,85225,https://demo.buildlocal.agency/m/flyers/simply-green-pest-control-front.png,https://demo.buildlocal.agency/m/flyers/simply-green-pest-control-back.png,https://demo.buildlocal.agency/q/pc0025,simply-green-pest-control,pc0025,pest,yes
Green Magic Pest Control,3215 N Arizona Ave b17,,Chandler,AZ,85225,https://demo.buildlocal.agency/m/flyers/green-magic-pest-control-front.png,https://demo.buildlocal.agency/m/flyers/green-magic-pest-control-back.png,https://demo.buildlocal.agency/q/pc0026,green-magic-pest-control,pc0026,pest,yes
Responsible Pest & Scorpion Control,4360 W Chandler Blvd #9,,Chandler,AZ,85226,https://demo.buildlocal.agency/m/flyers/responsible-pest-and-scorpion-control-front.png,https://demo.buildlocal.agency/m/flyers/responsible-pest-and-scorpion-control-back.png,https://demo.buildlocal.agency/q/pc0027,responsible-pest-and-scorpion-control,pc0027,pest,yes
Green Home Pest Control,355 E Warner Rd #2,,Chandler,AZ,85225,https://demo.buildlocal.agency/m/flyers/green-home-pest-control-chandler-front.png,https://demo.buildlocal.agency/m/flyers/green-home-pest-control-chandler-back.png,https://demo.buildlocal.agency/q/pc0028,green-home-pest-control-chandler,pc0028,pest,yes
Arizona Termite & Pest Solutions,1260 N Arizona Ave # C,,Chandler,AZ,85225,https://demo.buildlocal.agency/m/flyers/arizona-termite-and-pest-solutions-front.png,https://demo.buildlocal.agency/m/flyers/arizona-termite-and-pest-solutions-back.png,https://demo.buildlocal.agency/q/pc0029,arizona-termite-and-pest-solutions,pc0029,pest,yes
Pro Active Pest Control,3454 N San Marcos Pl Suite C-9,,Chandler,AZ,85225,https://demo.buildlocal.agency/m/flyers/pro-active-pest-control-front.png,https://demo.buildlocal.agency/m/flyers/pro-active-pest-control-back.png,https://demo.buildlocal.agency/q/pc0030,pro-active-pest-control,pc0030,pest,yes
Sun Lakes Pest Control,1340 E Riggs Rd,,Chandler,AZ,85249,https://demo.buildlocal.agency/m/flyers/sun-lakes-pest-control-front.png,https://demo.buildlocal.agency/m/flyers/sun-lakes-pest-control-back.png,https://demo.buildlocal.agency/q/pc0031,sun-lakes-pest-control,pc0031,pest,yes
Green Mango Pest Control - Chandler,2440 E Germann Rd #17,,Chandler,AZ,85286,https://demo.buildlocal.agency/m/flyers/green-mango-pest-control-chandler-front.png,https://demo.buildlocal.agency/m/flyers/green-mango-pest-control-chandler-back.png,https://demo.buildlocal.agency/q/pc0032,green-mango-pest-control-chandler,pc0032,pest,yes
Truly Nolen Pest & Termite Control,150 W Elliot Rd Suite #9,,Chandler,AZ,85225,https://demo.buildlocal.agency/m/flyers/truly-nolen-pest-and-termite-control-front.png,https://demo.buildlocal.agency/m/flyers/truly-nolen-pest-and-termite-control-back.png,https://demo.buildlocal.agency/q/pc0033,truly-nolen-pest-and-termite-control,pc0033,pest,yes
Anteater Exterminating Inc.,1373 N Lakeshore Dr,,Chandler,AZ,85226,https://demo.buildlocal.agency/m/flyers/anteater-exterminating-inc-front.png,https://demo.buildlocal.agency/m/flyers/anteater-exterminating-inc-back.png,https://demo.buildlocal.agency/q/pc0034,anteater-exterminating-inc,pc0034,pest,yes
Lunar Pest Control,2858 W Gail Dr,,Chandler,AZ,85224,https://demo.buildlocal.agency/m/flyers/lunar-pest-control-front.png,https://demo.buildlocal.agency/m/flyers/lunar-pest-control-back.png,https://demo.buildlocal.agency/q/pc0035,lunar-pest-control,pc0035,pest,yes
Blue Sky Pest Control,1936 W Rawhide Ave,,Chandler,AZ,85233,https://demo.buildlocal.agency/m/flyers/blue-sky-pest-control-front.png,https://demo.buildlocal.agency/m/flyers/blue-sky-pest-control-back.png,https://demo.buildlocal.agency/q/pc0036,blue-sky-pest-control,pc0036,pest,yes
Spark Pest Control - Gilbert Office,700 N Neely St Suite 21,,Gilbert,AZ,85233,https://demo.buildlocal.agency/m/flyers/spark-pest-control-gilbert-office-front.png,https://demo.buildlocal.agency/m/flyers/spark-pest-control-gilbert-office-back.png,https://demo.buildlocal.agency/q/pc0037,spark-pest-control-gilbert-office,pc0037,pest,yes
Scorpion King Exterminating,1530 E Williams Field Rd #201,,Gilbert,AZ,85295,https://demo.buildlocal.agency/m/flyers/scorpion-king-exterminating-front.png,https://demo.buildlocal.agency/m/flyers/scorpion-king-exterminating-back.png,https://demo.buildlocal.agency/q/pc0038,scorpion-king-exterminating,pc0038,pest,yes
Firehouse Pest Control Services,1090 S Gilbert Rd,,Gilbert,AZ,85296,https://demo.buildlocal.agency/m/flyers/firehouse-pest-control-services-front.png,https://demo.buildlocal.agency/m/flyers/firehouse-pest-control-services-back.png,https://demo.buildlocal.agency/q/pc0039,firehouse-pest-control-services,pc0039,pest,yes
Magic Pest Control,700 N Golden Key St,,Gilbert,AZ,85233,https://demo.buildlocal.agency/m/flyers/magic-pest-control-front.png,https://demo.buildlocal.agency/m/flyers/magic-pest-control-back.png,https://demo.buildlocal.agency/q/pc0040,magic-pest-control,pc0040,pest,yes
AJ'S LANDSCAPING AND DEMO LLC,522 W Gary Way,,Phoenix,AZ,85041,https://demo.buildlocal.agency/m/flyers/aj-s-landscaping-and-demo-llc-front.png,https://demo.buildlocal.agency/m/flyers/aj-s-landscaping-and-demo-llc-back.png,https://demo.buildlocal.agency/q/az0041,aj-s-landscaping-and-demo-llc,az0041,landscaping,yes
Diaz Tree and Landscape Management,3602 W Medlock Dr,,Phoenix,AZ,85019,https://demo.buildlocal.agency/m/flyers/diaz-tree-and-landscape-management-front.png,https://demo.buildlocal.agency/m/flyers/diaz-tree-and-landscape-management-back.png,https://demo.buildlocal.agency/q/az0042,diaz-tree-and-landscape-management,az0042,landscaping,yes
RX Outdoor Living,520 W Union Hills Dr,,Phoenix,AZ,85027,https://demo.buildlocal.agency/m/flyers/rx-outdoor-living-front.png,https://demo.buildlocal.agency/m/flyers/rx-outdoor-living-back.png,https://demo.buildlocal.agency/q/az0043,rx-outdoor-living,az0043,landscaping,yes
Redwood Landscaping Services,4215 S Antonio,,Mesa,AZ,85212,https://demo.buildlocal.agency/m/flyers/redwood-landscaping-services-front.png,https://demo.buildlocal.agency/m/flyers/redwood-landscaping-services-back.png,https://demo.buildlocal.agency/q/az0046,redwood-landscaping-services,az0046,landscaping,yes
AC Macias Landscaping LLC,3915 Aspen Ave,,Mesa,AZ,85206,https://demo.buildlocal.agency/m/flyers/ac-macias-landscaping-llc-front.png,https://demo.buildlocal.agency/m/flyers/ac-macias-landscaping-llc-back.png,https://demo.buildlocal.agency/q/az0048,ac-macias-landscaping-llc,az0048,landscaping,yes
The Desert Root,826 N 111th Pl,,Mesa,AZ,85207,https://demo.buildlocal.agency/m/flyers/the-desert-root-front.png,https://demo.buildlocal.agency/m/flyers/the-desert-root-back.png,https://demo.buildlocal.agency/q/az0049,the-desert-root,az0049,landscaping,yes
Coastal Landscaping Solutions,153 S Mesa Dr Apt 2,,Mesa,AZ,85210,https://demo.buildlocal.agency/m/flyers/coastal-landscaping-solutions-front.png,https://demo.buildlocal.agency/m/flyers/coastal-landscaping-solutions-back.png,https://demo.buildlocal.agency/q/az0050,coastal-landscaping-solutions,az0050,landscaping,yes
Julio Tree Care & Landscaping,550 E 8th Ave,,Mesa,AZ,85204,https://demo.buildlocal.agency/m/flyers/julio-tree-care-and-landscaping-front.png,https://demo.buildlocal.agency/m/flyers/julio-tree-care-and-landscaping-back.png,https://demo.buildlocal.agency/q/az0051,julio-tree-care-and-landscaping,az0051,landscaping,yes
J & J Landscaping Material,5000 E McKellips Rd,,Mesa,AZ,85215,https://demo.buildlocal.agency/m/flyers/j-and-j-landscaping-material-front.png,https://demo.buildlocal.agency/m/flyers/j-and-j-landscaping-material-back.png,https://demo.buildlocal.agency/q/az0052,j-and-j-landscaping-material,az0052,landscaping,yes
EZ Landscape & Maintenance Inc. - Mesa Landscaping Service,841 S Winthrop Cir,,Mesa,AZ,85204,https://demo.buildlocal.agency/m/flyers/ez-landscape-and-maintenance-inc-mesa-landscaping-service-front.png,https://demo.buildlocal.agency/m/flyers/ez-landscape-and-maintenance-inc-mesa-landscaping-service-back.png,https://demo.buildlocal.agency/q/az0053,ez-landscape-and-maintenance-inc-mesa-landscaping-service,az0053,landscaping,yes
Better Life Landscape and Design,1045 E McKellips Rd Suite 6,,Mesa,AZ,85203,https://demo.buildlocal.agency/m/flyers/better-life-landscape-and-design-front.png,https://demo.buildlocal.agency/m/flyers/better-life-landscape-and-design-back.png,https://demo.buildlocal.agency/q/az0054,better-life-landscape-and-design,az0054,landscaping,yes
Green Forever Arizona,1507 S Country Club Dr,,Mesa,AZ,85210,https://demo.buildlocal.agency/m/flyers/green-forever-arizona-front.png,https://demo.buildlocal.agency/m/flyers/green-forever-arizona-back.png,https://demo.buildlocal.agency/q/az0055,green-forever-arizona,az0055,landscaping,yes
All Storm Roofing and Construction,2162 E Williams Field Rd Suite #111,,Gilbert,AZ,85295,https://demo.buildlocal.agency/m/flyers/all-storm-roofing-and-construction-front.png,https://demo.buildlocal.agency/m/flyers/all-storm-roofing-and-construction-back.png,https://demo.buildlocal.agency/q/ro0041,all-storm-roofing-and-construction,ro0041,roofing,yes
First Response Roofing,1371 E Indigo St,,Gilbert,AZ,85298,https://demo.buildlocal.agency/m/flyers/first-response-roofing-front.png,https://demo.buildlocal.agency/m/flyers/first-response-roofing-back.png,https://demo.buildlocal.agency/q/ro0042,first-response-roofing,ro0042,roofing,yes
Aloha Desert Pool Service of Gilbert,1525 S Higley Rd Suite 104,,Gilbert,AZ,85296,https://demo.buildlocal.agency/m/flyers/aloha-desert-pool-service-of-gilbert-front.png,https://demo.buildlocal.agency/m/flyers/aloha-desert-pool-service-of-gilbert-back.png,https://demo.buildlocal.agency/q/pl0042,aloha-desert-pool-service-of-gilbert,pl0042,pool,yes
"Arizona Quality Pool Service and Repair, LLC",335 W Cullumber Ave,,Gilbert,AZ,85233,https://demo.buildlocal.agency/m/flyers/arizona-quality-pool-service-and-repair-llc-front.png,https://demo.buildlocal.agency/m/flyers/arizona-quality-pool-service-and-repair-llc-back.png,https://demo.buildlocal.agency/q/pl0044,arizona-quality-pool-service-and-repair-llc,pl0044,pool,yes
pH Balanced Pool Service,330 S Gibson St,,Gilbert,AZ,85296,https://demo.buildlocal.agency/m/flyers/ph-balanced-pool-service-front.png,https://demo.buildlocal.agency/m/flyers/ph-balanced-pool-service-back.png,https://demo.buildlocal.agency/q/pl0045,ph-balanced-pool-service,pl0045,pool,yes
RNR Service Solutions,3303 S Lindsay Rd STE 103,,Gilbert,AZ,85297,https://demo.buildlocal.agency/m/flyers/rnr-service-solutions-front.png,https://demo.buildlocal.agency/m/flyers/rnr-service-solutions-back.png,https://demo.buildlocal.agency/q/pl0046,rnr-service-solutions,pl0046,pool,yes
Scottsdale Pool Service and Repair,24616 N 72nd Pl,,Scottsdale,AZ,85255,https://demo.buildlocal.agency/m/flyers/scottsdale-pool-service-and-repair-front.png,https://demo.buildlocal.agency/m/flyers/scottsdale-pool-service-and-repair-back.png,https://demo.buildlocal.agency/q/pl0047,scottsdale-pool-service-and-repair,pl0047,pool,yes
Priority Pool Service,6931 E Thomas Rd,,Scottsdale,AZ,85251,https://demo.buildlocal.agency/m/flyers/priority-pool-service-front.png,https://demo.buildlocal.agency/m/flyers/priority-pool-service-back.png,https://demo.buildlocal.agency/q/pl0048,priority-pool-service,pl0048,pool,yes
Pool Pilots Pool Service and Repair,3260 Hayden Rd #210,,Scottsdale,AZ,85251,https://demo.buildlocal.agency/m/flyers/pool-pilots-pool-service-and-repair-front.png,https://demo.buildlocal.agency/m/flyers/pool-pilots-pool-service-and-repair-back.png,https://demo.buildlocal.agency/q/pl0049,pool-pilots-pool-service-and-repair,pl0049,pool,yes
Paradise Pool,7505 E McCormick Pkwy,,Scottsdale,AZ,85258,https://demo.buildlocal.agency/m/flyers/paradise-pool-front.png,https://demo.buildlocal.agency/m/flyers/paradise-pool-back.png,https://demo.buildlocal.agency/q/pl0050,paradise-pool,pl0050,pool,yes
Orkin,75 W Baseline Rd Ste 32,,Gilbert,AZ,85233,https://demo.buildlocal.agency/m/flyers/orkin-front.png,https://demo.buildlocal.agency/m/flyers/orkin-back.png,https://demo.buildlocal.agency/q/pc0041,orkin,pc0041,pest,yes
CAPE Pest Control,725 W Elliot Rd Ste 102,,Gilbert,AZ,85233,https://demo.buildlocal.agency/m/flyers/cape-pest-control-gilbert-front.png,https://demo.buildlocal.agency/m/flyers/cape-pest-control-gilbert-back.png,https://demo.buildlocal.agency/q/pc0042,cape-pest-control-gilbert,pc0042,pest,yes
Terminix,1240 W San Pedro St,,Gilbert,AZ,85233,https://demo.buildlocal.agency/m/flyers/terminix-front.png,https://demo.buildlocal.agency/m/flyers/terminix-back.png,https://demo.buildlocal.agency/q/pc0043,terminix,pc0043,pest,yes
Pest Control Solutions,952 E Baseline Rd A119,,Gilbert,AZ,85204,https://demo.buildlocal.agency/m/flyers/pest-control-solutions-front.png,https://demo.buildlocal.agency/m/flyers/pest-control-solutions-back.png,https://demo.buildlocal.agency/q/pc0044,pest-control-solutions,pc0044,pest,yes