name,address_line1,address_line2,address_city,address_state,address_zip,business_name,deserves_line,headline_font,qr_image_url,old_shot_url,new_shot_url,metadata_slug,metadata_qr_code,metadata_trade,metadata_mailable
Divine Design Landscaping,,,Phoenix,AZ,,Divine Design Landscaping,deserves a better,62,https://demo.buildlocal.agency/m/qr/az0001.png,https://demo.buildlocal.agency/m/divine-design-landscaping-old.jpg,https://demo.buildlocal.agency/m/divine-design-landscaping-new.jpg,divine-design-landscaping,az0001,landscaping,no
Ground Zero Landscape,16615 N 19th St,,Phoenix,AZ,85022,Ground Zero Landscape,deserves a better,73,https://demo.buildlocal.agency/m/qr/az0002.png,https://demo.buildlocal.agency/m/_no-website.jpg,https://demo.buildlocal.agency/m/ground-zero-landscape-new.jpg,ground-zero-landscape,az0002,landscaping,yes
AMS Landscaping,11035 N 23rd Dr #9,,Phoenix,AZ,85029,AMS Landscaping,deserves a better,78,https://demo.buildlocal.agency/m/qr/az0003.png,https://demo.buildlocal.agency/m/_no-website.jpg,https://demo.buildlocal.agency/m/ams-landscaping-new.jpg,ams-landscaping,az0003,landscaping,yes
Mountainscapers Landscaping,1545 E Yucca St B,,Phoenix,AZ,85020,Mountainscapers Landscaping,deserves a better,57,https://demo.buildlocal.agency/m/qr/az0004.png,https://demo.buildlocal.agency/m/_no-website.jpg,https://demo.buildlocal.agency/m/mountainscapers-landscaping-new.jpg,mountainscapers-landscaping,az0004,landscaping,yes
Diamond Stone & Synthetic Grass,1641 W Palmer Dr,,Phoenix,AZ,85021,Diamond Stone & Synthetic Grass,deserves a better,50,https://demo.buildlocal.agency/m/qr/az0005.png,https://demo.buildlocal.agency/m/_no-website.jpg,https://demo.buildlocal.agency/m/diamond-stone-and-synthetic-grass-new.jpg,diamond-stone-and-synthetic-grass,az0005,landscaping,yes
Diamond Cut Landscaping,1507 W Hatcher Rd,,Phoenix,AZ,85021,Diamond Cut Landscaping,deserves a better,67,https://demo.buildlocal.agency/m/qr/az0006.png,https://demo.buildlocal.agency/m/_no-website.jpg,https://demo.buildlocal.agency/m/diamond-cut-landscaping-new.jpg,diamond-cut-landscaping,az0006,landscaping,yes
Hawkeye Landscaping Inc,24401 N 15th Ave,,Phoenix,AZ,85085,Hawkeye Landscaping,deserves a better,78,https://demo.buildlocal.agency/m/qr/az0007.png,https://demo.buildlocal.agency/m/_no-website.jpg,https://demo.buildlocal.agency/m/hawkeye-landscaping-inc-new.jpg,hawkeye-landscaping-inc,az0007,landscaping,yes
Landscaping Express LLC,2317 W Danbury Dr,,Phoenix,AZ,85032,Landscaping Express,deserves a better,78,https://demo.buildlocal.agency/m/qr/az0008.png,https://demo.buildlocal.agency/m/_no-website.jpg,https://demo.buildlocal.agency/m/landscaping-express-llc-new.jpg,landscaping-express-llc,az0008,landscaping,yes
Lone Star Landscaping,19305 N 28th St,,Phoenix,AZ,85050,Lone Star Landscaping,deserves a better,73,https://demo.buildlocal.agency/m/qr/az0009.png,https://demo.buildlocal.agency/m/_no-website.jpg,https://demo.buildlocal.agency/m/lone-star-landscaping-new.jpg,lone-star-landscaping,az0009,landscaping,yes
Phoenix Pavers and Turf,2850 W Belmont Ave,,Phoenix,AZ,85051,Phoenix Pavers and Turf,deserves a better,67,https://demo.buildlocal.agency/m/qr/az0010.png,https://demo.buildlocal.agency/m/_no-website.jpg,https://demo.buildlocal.agency/m/phoenix-pavers-and-turf-new.jpg,phoenix-pavers-and-turf,az0010,landscaping,yes
Arizona turf,"Online Appointment / Onsite Service, 15047 North 23rd Pl",,Phoenix,AZ,85022,Arizona turf,deserves a better,78,https://demo.buildlocal.agency/m/qr/az0011.png,https://demo.buildlocal.agency/m/_no-website.jpg,https://demo.buildlocal.agency/m/arizona-turf-new.jpg,arizona-turf,az0011,landscaping,yes
Sal’s Landscape Construction,,,Phoenix,AZ,,Sal’s Landscape Construction,deserves a better,55,https://demo.buildlocal.agency/m/qr/az0012.png,https://demo.buildlocal.agency/m/_no-website.jpg,https://demo.buildlocal.agency/m/sal-s-landscape-construction-new.jpg,sal-s-landscape-construction,az0012,landscaping,no
MasterAZscapes LLC,1635 W Park View Ln # 2,,Phoenix,AZ,85085,MasterAZscapes,deserves a better,78,https://demo.buildlocal.agency/m/qr/az0013.png,https://demo.buildlocal.agency/m/_no-website.jpg,https://demo.buildlocal.agency/m/masterazscapes-llc-new.jpg,masterazscapes-llc,az0013,landscaping,yes
Arizona’s Landscaping Authority LLC,5021 N 20th St #45395,,Phoenix,AZ,85016,Arizona’s Landscaping Authority,deserves a better,50,https://demo.buildlocal.agency/m/qr/az0014.png,https://demo.buildlocal.agency/m/_no-website.jpg,https://demo.buildlocal.agency/m/arizona-s-landscaping-authority-llc-new.jpg,arizona-s-landscaping-authority-llc,az0014,landscaping,yes
Outdoor Xscapes,2149 W Mountain View Rd,,Phoenix,AZ,85021,Outdoor Xscapes,deserves a better,78,https://demo.buildlocal.agency/m/qr/az0015.png,https://demo.buildlocal.agency/m/_no-website.jpg,https://demo.buildlocal.agency/m/outdoor-xscapes-new.jpg,outdoor-xscapes,az0015,landscaping,yes
BIG BOSS Landscape,E Burgess Ln,,Phoenix,AZ,85042,BIG BOSS Landscape,deserves a better,78,https://demo.buildlocal.agency/m/qr/az0016.png,https://demo.buildlocal.agency/m/_no-website.jpg,https://demo.buildlocal.agency/m/big-boss-landscape-new.jpg,big-boss-landscape,az0016,landscaping,yes
"Mariposa Landscape Arizona, Inc. | Phoen",3010 S 46th St.,,Phoenix,AZ,85040,Mariposa Landscape,deserves a better,78,https://demo.buildlocal.agency/m/qr/az0017.png,https://demo.buildlocal.agency/m/_no-website.jpg,https://demo.buildlocal.agency/m/mariposa-landscape-arizona-inc-phoenix-az-new.jpg,mariposa-landscape-arizona-inc-phoenix-az,az0017,landscaping,yes
Descendants Landscaping,,,Phoenix,AZ,,Descendants Landscaping,deserves a better,67,https://demo.buildlocal.agency/m/qr/az0018.png,https://demo.buildlocal.agency/m/_no-website.jpg,https://demo.buildlocal.agency/m/descendants-landscaping-new.jpg,descendants-landscaping,az0018,landscaping,no
"Landscape Design Phoenix, Landscaping Ar",2740 E Rose Garden Ln Suite 6,,Phoenix,AZ,85050,Landscape Design Phoenix,deserves a better,64,https://demo.buildlocal.agency/m/qr/az0019.png,https://demo.buildlocal.agency/m/_no-website.jpg,https://demo.buildlocal.agency/m/landscape-design-phoenix-landscaping-architect-unwind-landsc-new.jpg,landscape-design-phoenix-landscaping-architect-unwind-landsc,az0019,landscaping,yes
Straight Line Landscape,1915 W Adobe Dr D,,Phoenix,AZ,85027,Straight Line Landscape,deserves a better,67,https://demo.buildlocal.agency/m/qr/az0020.png,https://demo.buildlocal.agency/m/_no-website.jpg,https://demo.buildlocal.agency/m/straight-line-landscape-new.jpg,straight-line-landscape,az0020,landscaping,yes
Goodman's Landscape,2210 W Desert Cove Ave,,Phoenix,AZ,85029,Goodman's Landscape,deserves a better,78,https://demo.buildlocal.agency/m/qr/az0021.png,https://demo.buildlocal.agency/m/_no-website.jpg,https://demo.buildlocal.agency/m/goodman-s-landscape-maintenance-llc-new.jpg,goodman-s-landscape-maintenance-llc,az0021,landscaping,yes
Az New Leaf Landscaping,3230 W Quail Ave,,Phoenix,AZ,85027,Az New Leaf Landscaping,deserves a better,67,https://demo.buildlocal.agency/m/qr/az0022.png,https://demo.buildlocal.agency/m/_no-website.jpg,https://demo.buildlocal.agency/m/az-new-leaf-landscaping-new.jpg,az-new-leaf-landscaping,az0022,landscaping,yes
Arizona Creations Landscaping,,,Phoenix,AZ,,Arizona Creations Landscaping,deserves a better,53,https://demo.buildlocal.agency/m/qr/az0023.png,https://demo.buildlocal.agency/m/_no-website.jpg,https://demo.buildlocal.agency/m/arizona-creations-landscaping-new.jpg,arizona-creations-landscaping,az0023,landscaping,no
Big Nick's Landscaping,,,Phoenix,AZ,,Big Nick's Landscaping,deserves a better,70,https://demo.buildlocal.agency/m/qr/az0024.png,https://demo.buildlocal.agency/m/_no-website.jpg,https://demo.buildlocal.agency/m/big-nick-s-landscaping-and-maintenance-new.jpg,big-nick-s-landscaping-and-maintenance,az0024,landscaping,no
Enchanted Garden Landscape,21602 N 21st Ave,,Phoenix,AZ,85027,Enchanted Garden Landscape,deserves a better,59,https://demo.buildlocal.agency/m/qr/az0025.png,https://demo.buildlocal.agency/m/_no-website.jpg,https://demo.buildlocal.agency/m/enchanted-garden-landscape-new.jpg,enchanted-garden-landscape,az0025,landscaping,yes
Jim's Paradise Creations,,,Phoenix,AZ,,Jim's Paradise Creations,deserves a better,64,https://demo.buildlocal.agency/m/qr/az0026.png,https://demo.buildlocal.agency/m/_no-website.jpg,https://demo.buildlocal.agency/m/jim-s-paradise-creations-landscaping-new.jpg,jim-s-paradise-creations-landscaping,az0026,landscaping,no
"Phoenix Landscapers, Landscaping Design ",3216 E Sierra St,,Phoenix,AZ,85028,Phoenix Landscapers,deserves a better,78,https://demo.buildlocal.agency/m/qr/az0027.png,https://demo.buildlocal.agency/m/_no-website.jpg,https://demo.buildlocal.agency/m/phoenix-landscapers-landscaping-design-and-tree-services-new.jpg,phoenix-landscapers-landscaping-design-and-tree-services,az0027,landscaping,yes
Rockwell Landscape,,,Phoenix,AZ,,Rockwell Landscape,deserves a better,78,https://demo.buildlocal.agency/m/qr/az0028.png,https://demo.buildlocal.agency/m/_no-website.jpg,https://demo.buildlocal.agency/m/rockwell-landscape-maintenance-new.jpg,rockwell-landscape-maintenance,az0028,landscaping,no
Phoenix Landscaping,,,Phoenix,AZ,,Phoenix Landscaping,deserves a better,78,https://demo.buildlocal.agency/m/qr/az0029.png,https://demo.buildlocal.agency/m/_no-website.jpg,https://demo.buildlocal.agency/m/phoenix-landscaping-company-new.jpg,phoenix-landscaping-company,az0029,landscaping,no
Organic Landscape Services,,,Phoenix,AZ,,Organic Landscape Services,deserves a better,59,https://demo.buildlocal.agency/m/qr/az0030.png,https://demo.buildlocal.agency/m/_no-website.jpg,https://demo.buildlocal.agency/m/organic-landscape-services-new.jpg,organic-landscape-services,az0030,landscaping,no
Landscaping Contractors,9602 N 16th Ave,,Phoenix,AZ,85021,Landscaping Contractors,deserves a better,67,https://demo.buildlocal.agency/m/qr/az0031.png,https://demo.buildlocal.agency/m/_no-website.jpg,https://demo.buildlocal.agency/m/landscaping-contractors-new.jpg,landscaping-contractors,az0031,landscaping,yes
Viva Landscape & Design,10000 N 31st Ave Suite C308,,Phoenix,AZ,85051,Viva Landscape & Design,deserves a better,67,https://demo.buildlocal.agency/m/qr/az0032.png,https://demo.buildlocal.agency/m/_no-website.jpg,https://demo.buildlocal.agency/m/viva-landscape-and-design-new.jpg,viva-landscape-and-design,az0032,landscaping,yes
Paradise Green Landscaping llc,3346 W Monterosa St,,Phoenix,AZ,85017,Paradise Green Landscaping,deserves a,59,https://demo.buildlocal.agency/m/qr/az0033.png,https://demo.buildlocal.agency/m/_no-website.jpg,https://demo.buildlocal.agency/m/paradise-green-landscaping-llc-new.jpg,paradise-green-landscaping-llc,az0033,landscaping,yes
Ersland Touch Landscape,30 S 41st St,,Phoenix,AZ,85034,Ersland Touch Landscape,deserves a better,67,https://demo.buildlocal.agency/m/qr/az0034.png,https://demo.buildlocal.agency/m/_no-website.jpg,https://demo.buildlocal.agency/m/ersland-touch-landscape-new.jpg,ersland-touch-landscape,az0034,landscaping,yes
NexGen Landscaping,4004 S 30th St,,Phoenix,AZ,85040,NexGen Landscaping,deserves a better,78,https://demo.buildlocal.agency/m/qr/az0035.png,https://demo.buildlocal.agency/m/_no-website.jpg,https://demo.buildlocal.agency/m/nexgen-landscaping-new.jpg,nexgen-landscaping,az0035,landscaping,yes
Golden Landscaping LLC,,,Phoenix,AZ,,Golden Landscaping,deserves a better,78,https://demo.buildlocal.agency/m/qr/az0036.png,https://demo.buildlocal.agency/m/_no-website.jpg,https://demo.buildlocal.agency/m/golden-landscaping-llc-new.jpg,golden-landscaping-llc,az0036,landscaping,no
Bermuda Landscape,,,Phoenix,AZ,,Bermuda Landscape,deserves a better,78,https://demo.buildlocal.agency/m/qr/az0037.png,https://demo.buildlocal.agency/m/_no-website.jpg,https://demo.buildlocal.agency/m/bermuda-landscape-new.jpg,bermuda-landscape,az0037,landscaping,no
"Desert Crest, LLC",704 W Happy Valley Rd,,Phoenix,AZ,85085,Desert Crest,deserves a better,78,https://demo.buildlocal.agency/m/qr/az0038.png,https://demo.buildlocal.agency/m/_no-website.jpg,https://demo.buildlocal.agency/m/desert-crest-llc-new.jpg,desert-crest-llc,az0038,landscaping,yes
Grass Kings Landscaping,,,Phoenix,AZ,,Grass Kings Landscaping,deserves a better,67,https://demo.buildlocal.agency/m/qr/az0039.png,https://demo.buildlocal.agency/m/_no-website.jpg,https://demo.buildlocal.agency/m/grass-kings-landscaping-new.jpg,grass-kings-landscaping,az0039,landscaping,no
"Triple ""J"" Service, LLC.",2145 E Monroe St,,Phoenix,AZ,85034,"Triple ""J"" Service",deserves a better,78,https://demo.buildlocal.agency/m/qr/az0040.png,https://demo.buildlocal.agency/m/_no-website.jpg,https://demo.buildlocal.agency/m/triple-j-service-llc-new.jpg,triple-j-service-llc,az0040,landscaping,yes
Phoenix Roofing & Repair,301 E Bethany Home Rd A-121,,Phoenix,AZ,85012,Phoenix Roofing & Repair,deserves a better,64,https://demo.buildlocal.agency/m/qr/ro0001.png,https://demo.buildlocal.agency/m/_no-website.jpg,https://demo.buildlocal.agency/m/phoenix-roofing-and-repair-new.jpg,phoenix-roofing-and-repair,ro0001,roofing,yes
Lyons Roofing,878 W Illini St,,Phoenix,AZ,85041,Lyons Roofing,deserves a better,78,https://demo.buildlocal.agency/m/qr/ro0002.png,https://demo.buildlocal.agency/m/_no-website.jpg,https://demo.buildlocal.agency/m/lyons-roofing-new.jpg,lyons-roofing,ro0002,roofing,yes
Stonecreek Roofing,10221 N 32nd St ste a,,Phoenix,AZ,85028,Stonecreek Roofing,deserves a better,78,https://demo.buildlocal.agency/m/qr/ro0003.png,https://demo.buildlocal.agency/m/_no-website.jpg,https://demo.buildlocal.agency/m/stonecreek-roofing-new.jpg,stonecreek-roofing,ro0003,roofing,yes
Arizona Roofing and Restoration,6531 N 10th Pl,,Phoenix,AZ,85014,Arizona Roofing and Restoration,deserves a better,50,https://demo.buildlocal.agency/m/qr/ro0004.png,https://demo.buildlocal.agency/m/_no-website.jpg,https://demo.buildlocal.agency/m/arizona-roofing-and-restoration-new.jpg,arizona-roofing-and-restoration,ro0004,roofing,yes
Arizona Roofers,4836 E McDowell Rd C100,,Phoenix,AZ,85008,Arizona Roofers,deserves a better,78,https://demo.buildlocal.agency/m/qr/ro0005.png,https://demo.buildlocal.agency/m/_no-website.jpg,https://demo.buildlocal.agency/m/arizona-roofers-new.jpg,arizona-roofers,ro0005,roofing,yes
Phoenix Roofers by Allstate Roofing Cont,2955 W Clarendon Ave,,Phoenix,AZ,85017,Phoenix Roofers by Allstate Roofing Contractors,deserves a better,34,https://demo.buildlocal.agency/m/qr/ro0006.png,https://demo.buildlocal.agency/m/_no-website.jpg,https://demo.buildlocal.agency/m/phoenix-roofers-by-allstate-roofing-contractors-new.jpg,phoenix-roofers-by-allstate-roofing-contractors,ro0006,roofing,yes
RENCO Roofing,2210 W Shangri La Rd a1,,Phoenix,AZ,85029,RENCO Roofing,deserves a better,78,https://demo.buildlocal.agency/m/qr/ro0007.png,https://demo.buildlocal.agency/m/_no-website.jpg,https://demo.buildlocal.agency/m/renco-roofing-new.jpg,renco-roofing,ro0007,roofing,yes
Brown Roofing LLC,11627 N 17th Pl,,Phoenix,AZ,85020,Brown Roofing,deserves a better,78,https://demo.buildlocal.agency/m/qr/ro0008.png,https://demo.buildlocal.agency/m/_no-website.jpg,https://demo.buildlocal.agency/m/brown-roofing-llc-new.jpg,brown-roofing-llc,ro0008,roofing,yes
Reimagine Roofing,1100 E Washington St #200,,Phoenix,AZ,85034,Reimagine Roofing,deserves a better,78,https://demo.buildlocal.agency/m/qr/ro0009.png,https://demo.buildlocal.agency/m/_no-website.jpg,https://demo.buildlocal.agency/m/reimagine-roofing-new.jpg,reimagine-roofing,ro0009,roofing,yes
Phoenix Roofing Replacement Pros,1517 W Grant St,,Phoenix,AZ,85007,Phoenix Roofing Replacement Pros,deserves a better,48,https://demo.buildlocal.agency/m/qr/ro0010.png,https://demo.buildlocal.agency/m/_no-website.jpg,https://demo.buildlocal.agency/m/phoenix-roofing-replacement-pros-new.jpg,phoenix-roofing-replacement-pros,ro0010,roofing,yes
Reyes Roofing LLC,2733 W Maryland Ave,,Phoenix,AZ,85017,Reyes Roofing,deserves a better,78,https://demo.buildlocal.agency/m/qr/ro0011.png,https://demo.buildlocal.agency/m/_no-website.jpg,https://demo.buildlocal.agency/m/reyes-roofing-llc-new.jpg,reyes-roofing-llc,ro0011,roofing,yes
Valley Roofing and Repair,4010 N 27th Ave Building C,,Phoenix,AZ,85017,Valley Roofing and Repair,deserves a better,62,https://demo.buildlocal.agency/m/qr/ro0012.png,https://demo.buildlocal.agency/m/_no-website.jpg,https://demo.buildlocal.agency/m/valley-roofing-and-repair-new.jpg,valley-roofing-and-repair,ro0012,roofing,yes
Arizona Sky Roofing Consultants - Roofin,2954 E Gable Cir,,Mesa,AZ,85204,Arizona Sky Roofing Consultants,deserves a better,50,https://demo.buildlocal.agency/m/qr/ro0013.png,https://demo.buildlocal.agency/m/_no-website.jpg,https://demo.buildlocal.agency/m/arizona-sky-roofing-consultants-roofing-contractor-and-roof--new.jpg,arizona-sky-roofing-consultants-roofing-contractor-and-roof-,ro0013,roofing,yes
A1 Roofing Solutions,2450 W Broadway Rd UNIT 108,,Mesa,AZ,85202,A1 Roofing Solutions,deserves a better,77,https://demo.buildlocal.agency/m/qr/ro0014.png,https://demo.buildlocal.agency/m/_no-website.jpg,https://demo.buildlocal.agency/m/a1-roofing-solutions-new.jpg,a1-roofing-solutions,ro0014,roofing,yes
Johnson Roofing Llc,1121 S Horne,,Mesa,AZ,85204,Johnson Roofing,deserves a better,78,https://demo.buildlocal.agency/m/qr/ro0015.png,https://demo.buildlocal.agency/m/_no-website.jpg,https://demo.buildlocal.agency/m/johnson-roofing-llc-new.jpg,johnson-roofing-llc,ro0015,roofing,yes
Mesa Roofing LLC,,,Mesa,AZ,,Mesa Roofing,deserves a better,78,https://demo.buildlocal.agency/m/qr/ro0016.png,https://demo.buildlocal.agency/m/_no-website.jpg,https://demo.buildlocal.agency/m/mesa-roofing-llc-new.jpg,mesa-roofing-llc,ro0016,roofing,no
"Right Way Roofing, Inc.",8255 E Willetta St,,Mesa,AZ,85207,Right Way Roofing,deserves a better,78,https://demo.buildlocal.agency/m/qr/ro0017.png,https://demo.buildlocal.agency/m/_no-website.jpg,https://demo.buildlocal.agency/m/right-way-roofing-inc-new.jpg,right-way-roofing-inc,ro0017,roofing,yes
The Roofing Company,935 E Sorenson Cir,,Mesa,AZ,85203,The Roofing Company,deserves a better,78,https://demo.buildlocal.agency/m/qr/ro0018.png,https://demo.buildlocal.agency/m/_no-website.jpg,https://demo.buildlocal.agency/m/the-roofing-company-new.jpg,the-roofing-company,ro0018,roofing,yes
Overson Roofing,842 E Isabella Ave Ste. 101,,Mesa,AZ,85204,Overson Roofing,deserves a better,78,https://demo.buildlocal.agency/m/qr/ro0019.png,https://demo.buildlocal.agency/m/_no-website.jpg,https://demo.buildlocal.agency/m/overson-roofing-new.jpg,overson-roofing,ro0019,roofing,yes
Mesa Roofing - Roof Repair & Replacement,2353 W Jacinto Ave,,Mesa,AZ,85202,Mesa Roofing,deserves a better,78,https://demo.buildlocal.agency/m/qr/ro0020.png,https://demo.buildlocal.agency/m/_no-website.jpg,https://demo.buildlocal.agency/m/mesa-roofing-roof-repair-and-replacement-new.jpg,mesa-roofing-roof-repair-and-replacement,ro0020,roofing,yes
"Stout Roofing, Inc. | Mesa",1117 W University Dr,,Mesa,AZ,85201,Stout Roofing,deserves a better,78,https://demo.buildlocal.agency/m/qr/ro0021.png,https://demo.buildlocal.agency/m/_no-website.jpg,https://demo.buildlocal.agency/m/stout-roofing-inc-mesa-new.jpg,stout-roofing-inc-mesa,ro0021,roofing,yes
Icon Roofing,2150 E Brown Rd #4,,Mesa,AZ,85213,Icon Roofing,deserves a better,78,https://demo.buildlocal.agency/m/qr/ro0022.png,https://demo.buildlocal.agency/m/_no-website.jpg,https://demo.buildlocal.agency/m/icon-roofing-new.jpg,icon-roofing,ro0022,roofing,yes
Arizona Roofing Systems,935 E Sorenson Cir,,Mesa,AZ,85203,Arizona Roofing Systems,deserves a better,67,https://demo.buildlocal.agency/m/qr/ro0023.png,https://demo.buildlocal.agency/m/_no-website.jpg,https://demo.buildlocal.agency/m/arizona-roofing-systems-new.jpg,arizona-roofing-systems,ro0023,roofing,yes
Titan Roofing & Construction,1107 S Gilbert Rd #210,,Mesa,AZ,85204,Titan Roofing & Construction,deserves a better,55,https://demo.buildlocal.agency/m/qr/ro0024.png,https://demo.buildlocal.agency/m/_no-website.jpg,https://demo.buildlocal.agency/m/titan-roofing-and-construction-new.jpg,titan-roofing-and-construction,ro0024,roofing,yes
Real Roofing,481 N Arizona Ave,,Chandler,AZ,85225,Real Roofing,deserves a better,78,https://demo.buildlocal.agency/m/qr/ro0025.png,https://demo.buildlocal.agency/m/_no-website.jpg,https://demo.buildlocal.agency/m/real-roofing-new.jpg,real-roofing,ro0025,roofing,yes
Chandler Roofing - Roof Repair & Replace,250 S Arizona Ave Suite 1,,Chandler,AZ,85225,Chandler Roofing,deserves a better,78,https://demo.buildlocal.agency/m/qr/ro0026.png,https://demo.buildlocal.agency/m/_no-website.jpg,https://demo.buildlocal.agency/m/chandler-roofing-roof-repair-and-replacement-new.jpg,chandler-roofing-roof-repair-and-replacement,ro0026,roofing,yes
Next Level Roofers Chandler,1245 W Chandler Blvd,,Chandler,AZ,85224,Next Level Roofers Chandler,deserves a better,57,https://demo.buildlocal.agency/m/qr/ro0027.png,https://demo.buildlocal.agency/m/_no-website.jpg,https://demo.buildlocal.agency/m/next-level-roofers-chandler-new.jpg,next-level-roofers-chandler,ro0027,roofing,yes
Discount Roofing LLC,1787 E Carla Vista Dr,,Chandler,AZ,85225,Discount Roofing,deserves a better,78,https://demo.buildlocal.agency/m/qr/ro0028.png,https://demo.buildlocal.agency/m/_no-website.jpg,https://demo.buildlocal.agency/m/discount-roofing-llc-new.jpg,discount-roofing-llc,ro0028,roofing,yes
Roofing All Stars,2840 E Germann Rd #1011,,Chandler,AZ,85286,Roofing All Stars,deserves a better,78,https://demo.buildlocal.agency/m/qr/ro0029.png,https://demo.buildlocal.agency/m/_no-website.jpg,https://demo.buildlocal.agency/m/roofing-all-stars-new.jpg,roofing-all-stars,ro0029,roofing,yes
Power Peak Roofing,235 W Warner Rd #8,,Chandler,AZ,85225,Power Peak Roofing,deserves a better,78,https://demo.buildlocal.agency/m/qr/ro0030.png,https://demo.buildlocal.agency/m/_no-website.jpg,https://demo.buildlocal.agency/m/power-peak-roofing-new.jpg,power-peak-roofing,ro0030,roofing,yes
Ultimate Roofing Chandler,109 W Boston St #3,,Chandler,AZ,85225,Ultimate Roofing Chandler,deserves a better,62,https://demo.buildlocal.agency/m/qr/ro0031.png,https://demo.buildlocal.agency/m/_no-website.jpg,https://demo.buildlocal.agency/m/ultimate-roofing-chandler-new.jpg,ultimate-roofing-chandler,ro0031,roofing,yes
Champion Metal Roofing Chandler,2434 E Westchester Dr,,Chandler,AZ,85249,Champion Metal Roofing Chandler,deserves a better,50,https://demo.buildlocal.agency/m/qr/ro0032.png,https://demo.buildlocal.agency/m/_no-website.jpg,https://demo.buildlocal.agency/m/champion-metal-roofing-chandler-new.jpg,champion-metal-roofing-chandler,ro0032,roofing,yes
"Horn & Sons Roofing & Painting, LLC",,,Chandler,AZ,,Horn & Sons Roofing & Painting,deserves a better,51,https://demo.buildlocal.agency/m/qr/ro0033.png,https://demo.buildlocal.agency/m/_no-website.jpg,https://demo.buildlocal.agency/m/horn-and-sons-roofing-and-painting-llc-new.jpg,horn-and-sons-roofing-and-painting-llc,ro0033,roofing,no
VHB Roofing,4980 S Alma School Rd #2-411,,Chandler,AZ,85248,VHB Roofing,deserves a better,78,https://demo.buildlocal.agency/m/qr/ro0034.png,https://demo.buildlocal.agency/m/_no-website.jpg,https://demo.buildlocal.agency/m/vhb-roofing-new.jpg,vhb-roofing,ro0034,roofing,yes
ProGuard Roofing,1721 N Arizona Ave,,Chandler,AZ,85225,ProGuard Roofing,deserves a better,78,https://demo.buildlocal.agency/m/qr/ro0035.png,https://demo.buildlocal.agency/m/_no-website.jpg,https://demo.buildlocal.agency/m/proguard-roofing-new.jpg,proguard-roofing,ro0035,roofing,yes
#1 Desert Roofing,572 N Cheri Lynn Dr,,Chandler,AZ,85225,#1 Desert Roofing,deserves a,78,https://demo.buildlocal.agency/m/qr/ro0036.png,https://demo.buildlocal.agency/m/_no-website.jpg,https://demo.buildlocal.agency/m/1-desert-roofing-new.jpg,1-desert-roofing,ro0036,roofing,yes
Skylux Builders LLC – Roofing & Roof Rep,1413 N Sunview Pkwy,,Gilbert,AZ,85234,Skylux Builders,deserves a better,78,https://demo.buildlocal.agency/m/qr/ro0037.png,https://demo.buildlocal.agency/m/_no-website.jpg,https://demo.buildlocal.agency/m/skylux-builders-llc-roofing-and-roof-repair-gilbert-new.jpg,skylux-builders-llc-roofing-and-roof-repair-gilbert,ro0037,roofing,yes
Weather-Tite Roofing & Construction,1220 W Houston Ave ste 2,,Gilbert,AZ,85233,Weather-Tite Roofing & Construction,deserves a better,44,https://demo.buildlocal.agency/m/qr/ro0038.png,https://demo.buildlocal.agency/m/_no-website.jpg,https://demo.buildlocal.agency/m/weather-tite-roofing-and-construction-new.jpg,weather-tite-roofing-and-construction,ro0038,roofing,yes
Maverick Roofing And Exteriors | Gilbert,3248 E Isaiah Ct,,Gilbert,AZ,85298,Maverick Roofing And Exteriors,deserves a better,51,https://demo.buildlocal.agency/m/qr/ro0039.png,https://demo.buildlocal.agency/m/_no-website.jpg,https://demo.buildlocal.agency/m/maverick-roofing-and-exteriors-gilbert-az-new.jpg,maverick-roofing-and-exteriors-gilbert-az,ro0039,roofing,yes
Panda Roofing and Construction,734 N Golden Key St Suite E-1,,Gilbert,AZ,85233,Panda Roofing and Construction,deserves a better,51,https://demo.buildlocal.agency/m/qr/ro0040.png,https://demo.buildlocal.agency/m/_no-website.jpg,https://demo.buildlocal.agency/m/panda-roofing-and-construction-new.jpg,panda-roofing-and-construction,ro0040,roofing,yes
Parker & Sons,3636 E Anne St A,,Phoenix,AZ,85040,Parker & Sons,deserves a better,78,https://demo.buildlocal.agency/m/qr/hv0001.png,https://demo.buildlocal.agency/m/_no-website.jpg,https://demo.buildlocal.agency/m/parker-and-sons-new.jpg,parker-and-sons,hv0001,hvac,yes
"Day & Night Air Conditioning, Heating, &",3669 E La Salle St,,Phoenix,AZ,85040,Day & Night Air Conditioning,deserves a better,55,https://demo.buildlocal.agency/m/qr/hv0002.png,https://demo.buildlocal.agency/m/_no-website.jpg,https://demo.buildlocal.agency/m/day-and-night-air-conditioning-heating-and-plumbing-new.jpg,day-and-night-air-conditioning-heating-and-plumbing,hv0002,hvac,yes
Goettl Air Conditioning and Plumbing - P,4611 E Baseline Rd,,Phoenix,AZ,85042,Goettl Air Conditioning and Plumbing,deserves a better,43,https://demo.buildlocal.agency/m/qr/hv0003.png,https://demo.buildlocal.agency/m/_no-website.jpg,https://demo.buildlocal.agency/m/goettl-air-conditioning-and-plumbing-phoenix-az-new.jpg,goettl-air-conditioning-and-plumbing-phoenix-az,hv0003,hvac,yes
Desert Diamond Air Cooling & Heating,16602 N 25th Ave,,Phoenix,AZ,85023,Desert Diamond Air Cooling & Heating,deserves a better,43,https://demo.buildlocal.agency/m/qr/hv0004.png,https://demo.buildlocal.agency/m/_no-website.jpg,https://demo.buildlocal.agency/m/desert-diamond-air-cooling-and-heating-new.jpg,desert-diamond-air-cooling-and-heating,hv0004,hvac,yes
Ideal Air Conditioning and Insulation,4127 E University Dr,,Phoenix,AZ,85034,Ideal Air Conditioning and Insulation,deserves a better,41,https://demo.buildlocal.agency/m/qr/hv0005.png,https://demo.buildlocal.agency/m/_no-website.jpg,https://demo.buildlocal.agency/m/ideal-air-conditioning-and-insulation-new.jpg,ideal-air-conditioning-and-insulation,hv0005,hvac,yes
North Valley Mechanical HVAC & Plumbing,2110 W Greenway Rd,,Phoenix,AZ,85023,North Valley Mechanical HVAC & Plumbing,deserves a better,39,https://demo.buildlocal.agency/m/qr/hv0006.png,https://demo.buildlocal.agency/m/_no-website.jpg,https://demo.buildlocal.agency/m/north-valley-mechanical-hvac-and-plumbing-new.jpg,north-valley-mechanical-hvac-and-plumbing,hv0006,hvac,yes
Scottsdale Air Heating & Cooling,4747 E Thomas Rd STE F,,Phoenix,AZ,85018,Scottsdale Air Heating & Cooling,deserves a better,48,https://demo.buildlocal.agency/m/qr/hv0007.png,https://demo.buildlocal.agency/m/_no-website.jpg,https://demo.buildlocal.agency/m/scottsdale-air-heating-and-cooling-new.jpg,scottsdale-air-heating-and-cooling,hv0007,hvac,yes
"1st Choice Plumbing, Air & Insulation",23309 N 17th Dr STE 116,,Phoenix,AZ,85027,1st Choice Plumbing,deserves a better,78,https://demo.buildlocal.agency/m/qr/hv0008.png,https://demo.buildlocal.agency/m/_no-website.jpg,https://demo.buildlocal.agency/m/1st-choice-plumbing-air-and-insulation-new.jpg,1st-choice-plumbing-air-and-insulation,hv0008,hvac,yes
AZ Perfect Comfort Heating & Cooling,20650 N 29th Pl STE 104,,Phoenix,AZ,85050,AZ Perfect Comfort Heating & Cooling,deserves a better,43,https://demo.buildlocal.agency/m/qr/hv0009.png,https://demo.buildlocal.agency/m/_no-website.jpg,https://demo.buildlocal.agency/m/az-perfect-comfort-heating-and-cooling-new.jpg,az-perfect-comfort-heating-and-cooling,hv0009,hvac,yes
Hobaica Services,10636 N Cave Creek Rd,,Phoenix,AZ,85020,Hobaica Services,deserves a better,78,https://demo.buildlocal.agency/m/qr/hv0010.png,https://demo.buildlocal.agency/m/_no-website.jpg,https://demo.buildlocal.agency/m/hobaica-services-new.jpg,hobaica-services,hv0010,hvac,yes
Cool Zone Air Conditioning & Heating,2329 W Mescal St Suite 308,,Phoenix,AZ,85029,Cool Zone Air Conditioning & Heating,deserves a better,43,https://demo.buildlocal.agency/m/qr/hv0011.png,https://demo.buildlocal.agency/m/_no-website.jpg,https://demo.buildlocal.agency/m/cool-zone-air-conditioning-and-heating-new.jpg,cool-zone-air-conditioning-and-heating,hv0011,hvac,yes
Benefit Air Conditioning,1315 W Indian School Rd,,Phoenix,AZ,85013,Benefit Air Conditioning,deserves a better,64,https://demo.buildlocal.agency/m/qr/hv0012.png,https://demo.buildlocal.agency/m/_no-website.jpg,https://demo.buildlocal.agency/m/benefit-air-conditioning-new.jpg,benefit-air-conditioning,hv0012,hvac,yes
"John's Heating, Cooling, and Plumbing",211 E 10th Dr #2,,Mesa,AZ,85210,John's Heating,deserves a better,78,https://demo.buildlocal.agency/m/qr/hv0013.png,https://demo.buildlocal.agency/m/_no-website.jpg,https://demo.buildlocal.agency/m/john-s-heating-cooling-and-plumbing-new.jpg,john-s-heating-cooling-and-plumbing,hv0013,hvac,yes
ASAP Air Conditioning And Heating,3653 E Main St,,Mesa,AZ,85205,ASAP Air Conditioning And Heating,deserves a better,46,https://demo.buildlocal.agency/m/qr/hv0014.png,https://demo.buildlocal.agency/m/_no-website.jpg,https://demo.buildlocal.agency/m/asap-air-conditioning-and-heating-new.jpg,asap-air-conditioning-and-heating,hv0014,hvac,yes
Norris Air,3841 E Main St,,Mesa,AZ,85205,Norris Air,deserves a better,78,https://demo.buildlocal.agency/m/qr/hv0015.png,https://demo.buildlocal.agency/m/_no-website.jpg,https://demo.buildlocal.agency/m/norris-air-new.jpg,norris-air,hv0015,hvac,yes
HVAC Mesa,1818 E Southern Ave,,Mesa,AZ,85204,HVAC Mesa,deserves a better,78,https://demo.buildlocal.agency/m/qr/hv0016.png,https://demo.buildlocal.agency/m/_no-website.jpg,https://demo.buildlocal.agency/m/hvac-mesa-new.jpg,hvac-mesa,hv0016,hvac,yes
Honest Air Inc.,2942 N Greenfield Rd STE 147,,Mesa,AZ,85215,Honest Air,deserves a better,78,https://demo.buildlocal.agency/m/qr/hv0017.png,https://demo.buildlocal.agency/m/_no-website.jpg,https://demo.buildlocal.agency/m/honest-air-inc-new.jpg,honest-air-inc,hv0017,hvac,yes
Comfort Experts,1610 N Rosemont STE 113,,Mesa,AZ,85205,Comfort Experts,deserves a better,78,https://demo.buildlocal.agency/m/qr/hv0018.png,https://demo.buildlocal.agency/m/_no-website.jpg,https://demo.buildlocal.agency/m/comfort-experts-new.jpg,comfort-experts,hv0018,hvac,yes
Alan's Air,2451 W Birchwood Ave # 113,,Mesa,AZ,85202,Alan's Air,deserves a better,78,https://demo.buildlocal.agency/m/qr/hv0019.png,https://demo.buildlocal.agency/m/_no-website.jpg,https://demo.buildlocal.agency/m/alan-s-air-new.jpg,alan-s-air,hv0019,hvac,yes
JMAC Heating & Cooling,1843 S Old Greenfield Rd,,Mesa,AZ,85206,JMAC Heating & Cooling,deserves a better,70,https://demo.buildlocal.agency/m/qr/hv0020.png,https://demo.buildlocal.agency/m/_no-website.jpg,https://demo.buildlocal.agency/m/jmac-heating-and-cooling-new.jpg,jmac-heating-and-cooling,hv0020,hvac,yes
AirTime Cooling and Heating,1540 S Gilbert Rd,,Mesa,AZ,85204,AirTime Cooling and Heating,deserves a better,57,https://demo.buildlocal.agency/m/qr/hv0021.png,https://demo.buildlocal.agency/m/_no-website.jpg,https://demo.buildlocal.agency/m/airtime-cooling-and-heating-new.jpg,airtime-cooling-and-heating,hv0021,hvac,yes
Rusty's Air Conditioning And Heating,7509 E Southern Ave STE 108,,Mesa,AZ,85209,Rusty's Air Conditioning And Heating,deserves a better,43,https://demo.buildlocal.agency/m/qr/hv0022.png,https://demo.buildlocal.agency/m/_no-website.jpg,https://demo.buildlocal.agency/m/rusty-s-air-conditioning-and-heating-new.jpg,rusty-s-air-conditioning-and-heating,hv0022,hvac,yes
Arizona's Dukes of Air & Plumbing,6938 E Parkway Norte,,Mesa,AZ,85212,Arizona's Dukes of Air & Plumbing,deserves a better,46,https://demo.buildlocal.agency/m/qr/hv0023.png,https://demo.buildlocal.agency/m/_no-website.jpg,https://demo.buildlocal.agency/m/arizona-s-dukes-of-air-and-plumbing-new.jpg,arizona-s-dukes-of-air-and-plumbing,hv0023,hvac,yes
AZ Home Services Group AC Repair & Plumb,3707 E Southern Ave,,Mesa,AZ,85206,AZ Home Services Group AC Repair & Plumbing Services of Mesa,deserves a better,34,https://demo.buildlocal.agency/m/qr/hv0024.png,https://demo.buildlocal.agency/m/_no-website.jpg,https://demo.buildlocal.agency/m/az-home-services-group-ac-repair-and-plumbing-services-of-me-new.jpg,az-home-services-group-ac-repair-and-plumbing-services-of-me,hv0024,hvac,yes
Superior Heating and Air Conditioning,995 S Hamilton St,,Chandler,AZ,85225,Superior Heating and Air Conditioning,deserves a better,41,https://demo.buildlocal.agency/m/qr/hv0025.png,https://demo.buildlocal.agency/m/_no-website.jpg,https://demo.buildlocal.agency/m/superior-heating-and-air-conditioning-new.jpg,superior-heating-and-air-conditioning,hv0025,hvac,yes
Chandler Air,3250 N Colorado St,,Chandler,AZ,85225,Chandler Air,deserves a better,78,https://demo.buildlocal.agency/m/qr/hv0026.png,https://demo.buildlocal.agency/m/_no-website.jpg,https://demo.buildlocal.agency/m/chandler-air-new.jpg,chandler-air,hv0026,hvac,yes
Mason Pro Services,2200 N Arizona Ave #18,,Chandler,AZ,85225,Mason Pro Services,deserves a better,78,https://demo.buildlocal.agency/m/qr/hv0027.png,https://demo.buildlocal.agency/m/_no-website.jpg,https://demo.buildlocal.agency/m/mason-pro-services-new.jpg,mason-pro-services,hv0027,hvac,yes
Climate Pro LLC,375 E Elliot Rd,,Chandler,AZ,85225,Climate Pro,deserves a better,78,https://demo.buildlocal.agency/m/qr/hv0028.png,https://demo.buildlocal.agency/m/_no-website.jpg,https://demo.buildlocal.agency/m/climate-pro-llc-new.jpg,climate-pro-llc,hv0028,hvac,yes
HVAC Near Me,947 W Redwood Dr,,Chandler,AZ,85248,HVAC Near Me,deserves a better,78,https://demo.buildlocal.agency/m/qr/hv0029.png,https://demo.buildlocal.agency/m/_no-website.jpg,https://demo.buildlocal.agency/m/hvac-near-me-new.jpg,hvac-near-me,hv0029,hvac,yes
Precision Air & Plumbing,3045 N Colorado St Ste 3,,Chandler,AZ,85225,Precision Air & Plumbing,deserves a better,64,https://demo.buildlocal.agency/m/qr/hv0030.png,https://demo.buildlocal.agency/m/_no-website.jpg,https://demo.buildlocal.agency/m/precision-air-and-plumbing-new.jpg,precision-air-and-plumbing,hv0030,hvac,yes
Ken Muncy Air Conditioning,450 E Warner Rd Ste 6,,Chandler,AZ,85225,Ken Muncy Air Conditioning,deserves a better,59,https://demo.buildlocal.agency/m/qr/hv0031.png,https://demo.buildlocal.agency/m/_no-website.jpg,https://demo.buildlocal.agency/m/ken-muncy-air-conditioning-new.jpg,ken-muncy-air-conditioning,hv0031,hvac,yes
Bruce's Air Conditioning,650 S 79th St,,Chandler,AZ,85226,Bruce's Air Conditioning,deserves a better,64,https://demo.buildlocal.agency/m/qr/hv0032.png,https://demo.buildlocal.agency/m/_no-website.jpg,https://demo.buildlocal.agency/m/bruce-s-air-conditioning-new.jpg,bruce-s-air-conditioning,hv0032,hvac,yes
AC Repair Near Me,77 W Chicago St Unit 4,,Chandler,AZ,85225,AC Repair Near Me,deserves a better,78,https://demo.buildlocal.agency/m/qr/hv0033.png,https://demo.buildlocal.agency/m/_no-website.jpg,https://demo.buildlocal.agency/m/ac-repair-near-me-new.jpg,ac-repair-near-me,hv0033,hvac,yes
"Ground Zero Plumbing, AC and Electrical ",17 S Roosevelt Ave,,Chandler,AZ,85226,Ground Zero Plumbing,deserves a better,77,https://demo.buildlocal.agency/m/qr/hv0034.png,https://demo.buildlocal.agency/m/_no-website.jpg,https://demo.buildlocal.agency/m/ground-zero-plumbing-ac-and-electrical-chandler-new.jpg,ground-zero-plumbing-ac-and-electrical-chandler,hv0034,hvac,yes
Hendel's Air Conditioning Inc.,3434 N Arizona Ave,,Chandler,AZ,85225,Hendel's Air Conditioning,deserves a better,62,https://demo.buildlocal.agency/m/qr/hv0035.png,https://demo.buildlocal.agency/m/_no-website.jpg,https://demo.buildlocal.agency/m/hendel-s-air-conditioning-inc-new.jpg,hendel-s-air-conditioning-inc,hv0035,hvac,yes
Monster Air & Mechanical LLC,975 E Riggs Rd Ste 12-177,,Chandler,AZ,85249,Monster Air & Mechanical,deserves a better,64,https://demo.buildlocal.agency/m/qr/hv0036.png,https://demo.buildlocal.agency/m/_no-website.jpg,https://demo.buildlocal.agency/m/monster-air-and-mechanical-llc-new.jpg,monster-air-and-mechanical-llc,hv0036,hvac,yes
True North Air Conditioning,724 N Monterey St Suite B,,Gilbert,AZ,85233,True North Air Conditioning,deserves a better,57,https://demo.buildlocal.agency/m/qr/hv0037.png,https://demo.buildlocal.agency/m/_no-website.jpg,https://demo.buildlocal.agency/m/true-north-air-conditioning-new.jpg,true-north-air-conditioning,hv0037,hvac,yes
A/C & Plumbing Doctors,1394 N Farrell Ct,,Gilbert,AZ,85233,A/C & Plumbing Doctors,deserves a better,70,https://demo.buildlocal.agency/m/qr/hv0038.png,https://demo.buildlocal.agency/m/_no-website.jpg,https://demo.buildlocal.agency/m/a-c-and-plumbing-doctors-new.jpg,a-c-and-plumbing-doctors,hv0038,hvac,yes
Ellsworth Air Conditioning and Plumbing,700 N Neely St #1,,Gilbert,AZ,85233,Ellsworth Air Conditioning and Plumbing,deserves a better,39,https://demo.buildlocal.agency/m/qr/hv0039.png,https://demo.buildlocal.agency/m/_no-website.jpg,https://demo.buildlocal.agency/m/ellsworth-air-conditioning-and-plumbing-new.jpg,ellsworth-air-conditioning-and-plumbing,hv0039,hvac,yes
"Olive Air, Heating & AC Repair",1873 S Colt Dr,,Gilbert,AZ,85295,Olive Air,deserves a better,78,https://demo.buildlocal.agency/m/qr/hv0040.png,https://demo.buildlocal.agency/m/_no-website.jpg,https://demo.buildlocal.agency/m/olive-air-heating-and-ac-repair-new.jpg,olive-air-heating-and-ac-repair,hv0040,hvac,yes
Bestway Pool Service & Repair Co.,11028 N 32nd St,,Phoenix,AZ,85028,Bestway Pool Service & Repair,deserves a better,53,https://demo.buildlocal.agency/m/qr/pl0001.png,https://demo.buildlocal.agency/m/_no-website.jpg,https://demo.buildlocal.agency/m/bestway-pool-service-and-repair-co-new.jpg,bestway-pool-service-and-repair-co,pl0001,pool,yes
Phoenix Pool Service - Hollywood Pools,,,Phoenix,AZ,,Phoenix Pool Service,deserves a better,77,https://demo.buildlocal.agency/m/qr/pl0002.png,https://demo.buildlocal.agency/m/_no-website.jpg,https://demo.buildlocal.agency/m/phoenix-pool-service-hollywood-pools-new.jpg,phoenix-pool-service-hollywood-pools,pl0002,pool,no
AZ Mobile Pool Service,4041 E Hartford Ave,,Phoenix,AZ,85032,AZ Mobile Pool Service,deserves a better,70,https://demo.buildlocal.agency/m/qr/pl0003.png,https://demo.buildlocal.agency/m/_no-website.jpg,https://demo.buildlocal.agency/m/az-mobile-pool-service-new.jpg,az-mobile-pool-service,pl0003,pool,yes
Coyote Pool Service and Repair LLC,,,Phoenix,AZ,,Coyote Pool Service and Repair,deserves a better,51,https://demo.buildlocal.agency/m/qr/pl0004.png,https://demo.buildlocal.agency/m/_no-website.jpg,https://demo.buildlocal.agency/m/coyote-pool-service-and-repair-llc-new.jpg,coyote-pool-service-and-repair-llc,pl0004,pool,no
k&k pool service,"Greenway Estates, 15207 North 23rd Pl",,Phoenix,AZ,85022,k&k pool service,deserves a better,78,https://demo.buildlocal.agency/m/qr/pl0005.png,https://demo.buildlocal.agency/m/_no-website.jpg,https://demo.buildlocal.agency/m/kandk-pool-service-new.jpg,kandk-pool-service,pl0005,pool,yes
SwimHappy Pool Service & Repair,,,Phoenix,AZ,,SwimHappy Pool Service & Repair,deserves a better,50,https://demo.buildlocal.agency/m/qr/pl0006.png,https://demo.buildlocal.agency/m/_no-website.jpg,https://demo.buildlocal.agency/m/swimhappy-pool-service-and-repair-new.jpg,swimhappy-pool-service-and-repair,pl0006,pool,no
Desert Mesa Pool Service LLC,,,Phoenix,AZ,,Desert Mesa Pool Service,deserves a better,64,https://demo.buildlocal.agency/m/qr/pl0007.png,https://demo.buildlocal.agency/m/_no-website.jpg,https://demo.buildlocal.agency/m/desert-mesa-pool-service-llc-new.jpg,desert-mesa-pool-service-llc,pl0007,pool,no
Aqua Harmony Pools,3726 W Roanoke Ave Suite 15,,Phoenix,AZ,85009,Aqua Harmony Pools,deserves a better,78,https://demo.buildlocal.agency/m/qr/pl0008.png,https://demo.buildlocal.agency/m/_no-website.jpg,https://demo.buildlocal.agency/m/aqua-harmony-pools-new.jpg,aqua-harmony-pools,pl0008,pool,yes
AAA Pool Services,428 E Thunderbird Rd,,Phoenix,AZ,85022,AAA Pool Services,deserves a better,78,https://demo.buildlocal.agency/m/qr/pl0009.png,https://demo.buildlocal.agency/m/_no-website.jpg,https://demo.buildlocal.agency/m/aaa-pool-services-new.jpg,aaa-pool-services,pl0009,pool,yes
JStarr Pool Service & Repair,,,Phoenix,AZ,,JStarr Pool Service & Repair,deserves a better,55,https://demo.buildlocal.agency/m/qr/pl0010.png,https://demo.buildlocal.agency/m/_no-website.jpg,https://demo.buildlocal.agency/m/jstarr-pool-service-and-repair-new.jpg,jstarr-pool-service-and-repair,pl0010,pool,no
Swimming Pool Service & Repair,2142 E Jefferson St,,Phoenix,AZ,85034,Swimming Pool Service & Repair,deserves a better,51,https://demo.buildlocal.agency/m/qr/pl0011.png,https://demo.buildlocal.agency/m/_no-website.jpg,https://demo.buildlocal.agency/m/swimming-pool-service-and-repair-new.jpg,swimming-pool-service-and-repair,pl0011,pool,yes
"M.E.H. Pool Services, Inc.",6050 N Black Cyn Hwy,,Phoenix,AZ,85017,M.E.H. Pool Services,deserves a better,77,https://demo.buildlocal.agency/m/qr/pl0012.png,https://demo.buildlocal.agency/m/_no-website.jpg,https://demo.buildlocal.agency/m/m-e-h-pool-services-inc-new.jpg,m-e-h-pool-services-inc,pl0012,pool,yes
Baker Pool Maintenance LLC,8550 E Monte Ave,,Mesa,AZ,85209,Baker Pool Maintenance,deserves a better,70,https://demo.buildlocal.agency/m/qr/pl0013.png,https://demo.buildlocal.agency/m/_no-website.jpg,https://demo.buildlocal.agency/m/baker-pool-maintenance-llc-new.jpg,baker-pool-maintenance-llc,pl0013,pool,yes
Octopus Pool Service & Repair,3707 E Southern Ave Suite 100,,Mesa,AZ,85206,Octopus Pool Service & Repair,deserves a better,53,https://demo.buildlocal.agency/m/qr/pl0014.png,https://demo.buildlocal.agency/m/_no-website.jpg,https://demo.buildlocal.agency/m/octopus-pool-service-and-repair-new.jpg,octopus-pool-service-and-repair,pl0014,pool,yes
Can You Fix My Pool LLC Heaters Pumps Fi,2747 E University Dr #9246,,Mesa,AZ,85213,Can You Fix My Pool LLC Heaters Pumps Filters Repair/Install/Service,deserves a better,34,https://demo.buildlocal.agency/m/qr/pl0015.png,https://demo.buildlocal.agency/m/_no-website.jpg,https://demo.buildlocal.agency/m/can-you-fix-my-pool-llc-heaters-pumps-filters-repair-install-new.jpg,can-you-fix-my-pool-llc-heaters-pumps-filters-repair-install,pl0015,pool,yes
Clear Water Pool Repair LLC,1535 N Horne UNIT 51,,Mesa,AZ,85203,Clear Water Pool Repair,deserves a better,67,https://demo.buildlocal.agency/m/qr/pl0016.png,https://demo.buildlocal.agency/m/_no-website.jpg,https://demo.buildlocal.agency/m/clear-water-pool-repair-llc-new.jpg,clear-water-pool-repair-llc,pl0016,pool,yes
Good Life Pool and Spa Care LLC,913 N Orlando,,Mesa,AZ,85205,Good Life Pool and Spa Care,deserves a better,57,https://demo.buildlocal.agency/m/qr/pl0017.png,https://demo.buildlocal.agency/m/_no-website.jpg,https://demo.buildlocal.agency/m/good-life-pool-and-spa-care-llc-new.jpg,good-life-pool-and-spa-care-llc,pl0017,pool,yes
Tropical Pool Services,3755 E Isabella Ave,,Mesa,AZ,85206,Tropical Pool Services,deserves a better,70,https://demo.buildlocal.agency/m/qr/pl0018.png,https://demo.buildlocal.agency/m/_no-website.jpg,https://demo.buildlocal.agency/m/tropical-pool-services-new.jpg,tropical-pool-services,pl0018,pool,yes
Blue Clover Pool Service,638 W Contessa Cir,,Mesa,AZ,85201,Blue Clover Pool Service,deserves a,64,https://demo.buildlocal.agency/m/qr/pl0019.png,https://demo.buildlocal.agency/m/_no-website.jpg,https://demo.buildlocal.agency/m/blue-clover-pool-service-new.jpg,blue-clover-pool-service,pl0019,pool,yes
Five Star Pool Service,3137 E Nora Cir,,Mesa,AZ,85213,Five Star Pool Service,deserves a better,70,https://demo.buildlocal.agency/m/qr/pl0020.png,https://demo.buildlocal.agency/m/_no-website.jpg,https://demo.buildlocal.agency/m/five-star-pool-service-new.jpg,five-star-pool-service,pl0020,pool,yes
Blue Tide Pool Care,1955 W Baseline Rd Ste 113-343,,Mesa,AZ,85202,Blue Tide Pool Care,deserves a,78,https://demo.buildlocal.agency/m/qr/pl0021.png,https://demo.buildlocal.agency/m/_no-website.jpg,https://demo.buildlocal.agency/m/blue-tide-pool-care-new.jpg,blue-tide-pool-care,pl0021,pool,yes
ASP - America's Swimming Pool Company of,,,Mesa,AZ,,ASP,deserves a better,78,https://demo.buildlocal.agency/m/qr/pl0022.png,https://demo.buildlocal.agency/m/_no-website.jpg,https://demo.buildlocal.agency/m/asp-america-s-swimming-pool-company-of-mesa-new.jpg,asp-america-s-swimming-pool-company-of-mesa,pl0022,pool,no
"Trilogy Pools Service & Repair, LLC",1039 E Broadway Rd,,Mesa,AZ,85204,Trilogy Pools Service & Repair,deserves a better,51,https://demo.buildlocal.agency/m/qr/pl0023.png,https://demo.buildlocal.agency/m/_no-website.jpg,https://demo.buildlocal.agency/m/trilogy-pools-service-and-repair-llc-new.jpg,trilogy-pools-service-and-repair-llc,pl0023,pool,yes
Four Seasons Pool Service,603 W McNair St,,Chandler,AZ,85225,Four Seasons Pool Service,deserves a better,62,https://demo.buildlocal.agency/m/qr/pl0024.png,https://demo.buildlocal.agency/m/_no-website.jpg,https://demo.buildlocal.agency/m/four-seasons-pool-service-new.jpg,four-seasons-pool-service,pl0024,pool,yes
Off the Deep End Pool Service LLC,3454 N San Marcos Pl,,Chandler,AZ,85225,Off the Deep End Pool Service,deserves a better,53,https://demo.buildlocal.agency/m/qr/pl0025.png,https://demo.buildlocal.agency/m/_no-website.jpg,https://demo.buildlocal.agency/m/off-the-deep-end-pool-service-llc-new.jpg,off-the-deep-end-pool-service-llc,pl0025,pool,yes
Crystal Falls Pool Service,3155 N Nevada St #5,,Chandler,AZ,85225,Crystal Falls Pool Service,deserves a better,59,https://demo.buildlocal.agency/m/qr/pl0026.png,https://demo.buildlocal.agency/m/_no-website.jpg,https://demo.buildlocal.agency/m/crystal-falls-pool-service-new.jpg,crystal-falls-pool-service,pl0026,pool,yes
Aloha Desert Pools,3100 W Ray Rd #201,,Chandler,AZ,85226,Aloha Desert Pools,deserves a better,78,https://demo.buildlocal.agency/m/qr/pl0027.png,https://demo.buildlocal.agency/m/_no-website.jpg,https://demo.buildlocal.agency/m/aloha-desert-pools-new.jpg,aloha-desert-pools,pl0027,pool,yes
Larimar Pool Services,684 N Longmore St,,Chandler,AZ,85224,Larimar Pool Services,deserves a better,73,https://demo.buildlocal.agency/m/qr/pl0028.png,https://demo.buildlocal.agency/m/_no-website.jpg,https://demo.buildlocal.agency/m/larimar-pool-services-new.jpg,larimar-pool-services,pl0028,pool,yes
AZ Oasis Pools,116 N Roosevelt Ave #135,,Chandler,AZ,85226,AZ Oasis Pools,deserves a better,78,https://demo.buildlocal.agency/m/qr/pl0029.png,https://demo.buildlocal.agency/m/_no-website.jpg,https://demo.buildlocal.agency/m/az-oasis-pools-new.jpg,az-oasis-pools,pl0029,pool,yes
Hayden's Pool Service & Repair,646 W Myrtle Dr,,Chandler,AZ,85248,Hayden's Pool Service & Repair,deserves a better,51,https://demo.buildlocal.agency/m/qr/pl0030.png,https://demo.buildlocal.agency/m/_no-website.jpg,https://demo.buildlocal.agency/m/hayden-s-pool-service-and-repair-new.jpg,hayden-s-pool-service-and-repair,pl0030,pool,yes
Blue Mountain Pool Care,2440 E Germann Rd Suite 1,,Chandler,AZ,85286,Blue Mountain Pool Care,deserves a better,67,https://demo.buildlocal.agency/m/qr/pl0031.png,https://demo.buildlocal.agency/m/_no-website.jpg,https://demo.buildlocal.agency/m/blue-mountain-pool-care-new.jpg,blue-mountain-pool-care,pl0031,pool,yes
Arizona Pool Service,,,Chandler,AZ,,Arizona Pool Service,deserves a better,77,https://demo.buildlocal.agency/m/qr/pl0032.png,https://demo.buildlocal.agency/m/_no-website.jpg,https://demo.buildlocal.agency/m/arizona-pool-service-new.jpg,arizona-pool-service,pl0032,pool,no
Pool Spa Cleaner LLC.,881 N Forest Ct,,Chandler,AZ,85226,Pool Spa Cleaner,deserves a better,78,https://demo.buildlocal.agency/m/qr/pl0033.png,https://demo.buildlocal.agency/m/_no-website.jpg,https://demo.buildlocal.agency/m/pool-spa-cleaner-llc-new.jpg,pool-spa-cleaner-llc,pl0033,pool,yes
Sunflower Pools Service & Repair,881 N Longmore St,,Chandler,AZ,85224,Sunflower Pools Service & Repair,deserves a better,48,https://demo.buildlocal.agency/m/qr/pl0034.png,https://demo.buildlocal.agency/m/_no-website.jpg,https://demo.buildlocal.agency/m/sunflower-pools-service-and-repair-new.jpg,sunflower-pools-service-and-repair,pl0034,pool,yes
Sun Devil Pool Supply & Service,2975 E Ocotillo Rd,,Chandler,AZ,85249,Sun Devil Pool Supply & Service,deserves a better,50,https://demo.buildlocal.agency/m/qr/pl0035.png,https://demo.buildlocal.agency/m/_no-website.jpg,https://demo.buildlocal.agency/m/sun-devil-pool-supply-and-service-new.jpg,sun-devil-pool-supply-and-service,pl0035,pool,yes
Gilbert Pool Repairs- Remodels & Weekly ,N Greenfield Rd,,Gilbert,AZ,85234,Gilbert Pool Repairs- Remodels & Weekly Service,deserves a better,34,https://demo.buildlocal.agency/m/qr/pl0036.png,https://demo.buildlocal.agency/m/_no-website.jpg,https://demo.buildlocal.agency/m/gilbert-pool-repairs-remodels-and-weekly-service-new.jpg,gilbert-pool-repairs-remodels-and-weekly-service,pl0036,pool,yes
Pool Service Gilbert,,,Gilbert,AZ,,Pool Service Gilbert,deserves a better,77,https://demo.buildlocal.agency/m/qr/pl0037.png,https://demo.buildlocal.agency/m/_no-website.jpg,https://demo.buildlocal.agency/m/pool-service-gilbert-new.jpg,pool-service-gilbert,pl0037,pool,no
Valley Pool Service LLC,3503 E Palo Verde St,,Gilbert,AZ,85296,Valley Pool Service,deserves a better,78,https://demo.buildlocal.agency/m/qr/pl0038.png,https://demo.buildlocal.agency/m/_no-website.jpg,https://demo.buildlocal.agency/m/valley-pool-service-llc-new.jpg,valley-pool-service-llc,pl0038,pool,yes
Gilbert Pool Services LLC,1450 W Guadalupe Rd,,Gilbert,AZ,85233,Gilbert Pool Services,deserves a better,73,https://demo.buildlocal.agency/m/qr/pl0039.png,https://demo.buildlocal.agency/m/_no-website.jpg,https://demo.buildlocal.agency/m/gilbert-pool-services-llc-new.jpg,gilbert-pool-services-llc,pl0039,pool,yes
"Pelican Pools, LLC",98 E Page Ave,,Gilbert,AZ,85234,Pelican Pools,deserves a better,78,https://demo.buildlocal.agency/m/qr/pl0040.png,https://demo.buildlocal.agency/m/_no-website.jpg,https://demo.buildlocal.agency/m/pelican-pools-llc-new.jpg,pelican-pools-llc,pl0040,pool,yes
Urban Desert Pest Control,21639 N 12th Ave Ste. 201,,Phoenix,AZ,85027,Urban Desert Pest Control,deserves a better,62,https://demo.buildlocal.agency/m/qr/pc0001.png,https://demo.buildlocal.agency/m/_no-website.jpg,https://demo.buildlocal.agency/m/urban-desert-pest-control-new.jpg,urban-desert-pest-control,pc0001,pest,yes
Green Home Pest Control,16042 N 32nd St Ste B13,,Phoenix,AZ,85032,Green Home Pest Control,deserves a better,67,https://demo.buildlocal.agency/m/qr/pc0002.png,https://demo.buildlocal.agency/m/_no-website.jpg,https://demo.buildlocal.agency/m/green-home-pest-control-new.jpg,green-home-pest-control,pc0002,pest,yes
Moxie Pest Control,4620 E Elwood St #12,,Phoenix,AZ,85040,Moxie Pest Control,deserves a better,78,https://demo.buildlocal.agency/m/qr/pc0003.png,https://demo.buildlocal.agency/m/_no-website.jpg,https://demo.buildlocal.agency/m/moxie-pest-control-new.jpg,moxie-pest-control,pc0003,pest,yes
ACTION Termite & Pest Control,1101 W Melinda Ln STE B,,Phoenix,AZ,85027,ACTION Termite & Pest Control,deserves a better,53,https://demo.buildlocal.agency/m/qr/pc0004.png,https://demo.buildlocal.agency/m/_no-website.jpg,https://demo.buildlocal.agency/m/action-termite-and-pest-control-new.jpg,action-termite-and-pest-control,pc0004,pest,yes
Greenleaf Pest Control,31 W Lone Cactus Dr #5,,Phoenix,AZ,85027,Greenleaf Pest Control,deserves a better,70,https://demo.buildlocal.agency/m/qr/pc0005.png,https://demo.buildlocal.agency/m/_no-website.jpg,https://demo.buildlocal.agency/m/greenleaf-pest-control-new.jpg,greenleaf-pest-control,pc0005,pest,yes
Naturzone Pest Control,12633 N Cave Creek Rd Ste,,Phoenix,AZ,85022,Naturzone Pest Control,deserves a better,70,https://demo.buildlocal.agency/m/qr/pc0006.png,https://demo.buildlocal.agency/m/_no-website.jpg,https://demo.buildlocal.agency/m/naturzone-pest-control-new.jpg,naturzone-pest-control,pc0006,pest,yes
West Coast Pest Control,,,Phoenix,AZ,,West Coast Pest Control,deserves a better,67,https://demo.buildlocal.agency/m/qr/pc0007.png,https://demo.buildlocal.agency/m/_no-website.jpg,https://demo.buildlocal.agency/m/west-coast-pest-control-new.jpg,west-coast-pest-control,pc0007,pest,no
Greenway Pest Solutions,2406 S 24th St Suite 125C,,Phoenix,AZ,85034,Greenway Pest Solutions,deserves a better,67,https://demo.buildlocal.agency/m/qr/pc0008.png,https://demo.buildlocal.agency/m/_no-website.jpg,https://demo.buildlocal.agency/m/greenway-pest-solutions-new.jpg,greenway-pest-solutions,pc0008,pest,yes
Bills Pest Termite Control,24820 N 16th Ave Suite 130,,Phoenix,AZ,85085,Bills Pest Termite Control,deserves a better,59,https://demo.buildlocal.agency/m/qr/pc0009.png,https://demo.buildlocal.agency/m/_no-website.jpg,https://demo.buildlocal.agency/m/bills-pest-termite-control-new.jpg,bills-pest-termite-control,pc0009,pest,yes
Phoenix Pest & Termite Control,2911 N 26th Ave,,Phoenix,AZ,85017,Phoenix Pest & Termite Control,deserves a better,51,https://demo.buildlocal.agency/m/qr/pc0010.png,https://demo.buildlocal.agency/m/_no-website.jpg,https://demo.buildlocal.agency/m/phoenix-pest-and-termite-control-new.jpg,phoenix-pest-and-termite-control,pc0010,pest,yes
Eco Valley Pest Control,,,Phoenix,AZ,,Eco Valley Pest Control,deserves a better,67,https://demo.buildlocal.agency/m/qr/pc0011.png,https://demo.buildlocal.agency/m/_no-website.jpg,https://demo.buildlocal.agency/m/eco-valley-pest-control-new.jpg,eco-valley-pest-control,pc0011,pest,no
Rainbow Pest Control,,,Phoenix,AZ,,Rainbow Pest Control,deserves a better,77,https://demo.buildlocal.agency/m/qr/pc0012.png,https://demo.buildlocal.agency/m/_no-website.jpg,https://demo.buildlocal.agency/m/rainbow-pest-control-new.jpg,rainbow-pest-control,pc0012,pest,no
Greenleaf Pest Control,4926 E McDowell Rd #100,,Mesa,AZ,85008,Greenleaf Pest Control,deserves a better,70,https://demo.buildlocal.agency/m/qr/pc0013.png,https://demo.buildlocal.agency/m/_no-website.jpg,https://demo.buildlocal.agency/m/greenleaf-pest-control-mesa-new.jpg,greenleaf-pest-control-mesa,pc0013,pest,yes
Orange Pest Control,1061 E University Dr,,Mesa,AZ,85203,Orange Pest Control,deserves a better,78,https://demo.buildlocal.agency/m/qr/pc0014.png,https://demo.buildlocal.agency/m/_no-website.jpg,https://demo.buildlocal.agency/m/orange-pest-control-new.jpg,orange-pest-control,pc0014,pest,yes
Bulwark Exterminating,1228 E Broadway Rd,,Mesa,AZ,85204,Bulwark Exterminating,deserves a better,73,https://demo.buildlocal.agency/m/qr/pc0015.png,https://demo.buildlocal.agency/m/_no-website.jpg,https://demo.buildlocal.agency/m/bulwark-exterminating-new.jpg,bulwark-exterminating,pc0015,pest,yes
Fromms Pest Control,4633 E Devonshire Ave,,Mesa,AZ,85018,Fromms Pest Control,deserves a better,78,https://demo.buildlocal.agency/m/qr/pc0016.png,https://demo.buildlocal.agency/m/_no-website.jpg,https://demo.buildlocal.agency/m/fromms-pest-control-new.jpg,fromms-pest-control,pc0016,pest,yes
Arizona's Best Choice Pest & Termite Ser,8227 E Main St,,Mesa,AZ,85207,Arizona's Best Choice Pest & Termite Services,deserves a better,34,https://demo.buildlocal.agency/m/qr/pc0017.png,https://demo.buildlocal.agency/m/_no-website.jpg,https://demo.buildlocal.agency/m/arizona-s-best-choice-pest-and-termite-services-mesa-new.jpg,arizona-s-best-choice-pest-and-termite-services-mesa,pc0017,pest,yes
Defense Pest Control,,,Mesa,AZ,,Defense Pest Control,deserves a better,77,https://demo.buildlocal.agency/m/qr/pc0018.png,https://demo.buildlocal.agency/m/_no-website.jpg,https://demo.buildlocal.agency/m/defense-pest-control-new.jpg,defense-pest-control,pc0018,pest,no
EcoGuard Pest Control,4838 E Baseline Rd STE 128,,Mesa,AZ,85206,EcoGuard Pest Control,deserves a better,73,https://demo.buildlocal.agency/m/qr/pc0019.png,https://demo.buildlocal.agency/m/_no-website.jpg,https://demo.buildlocal.agency/m/ecoguard-pest-control-new.jpg,ecoguard-pest-control,pc0019,pest,yes
Varsity Termite and Pest Control,6056 E Baseline Rd #110,,Mesa,AZ,85206,Varsity Termite and Pest Control,deserves a better,48,https://demo.buildlocal.agency/m/qr/pc0020.png,https://demo.buildlocal.agency/m/_no-website.jpg,https://demo.buildlocal.agency/m/varsity-termite-and-pest-control-new.jpg,varsity-termite-and-pest-control,pc0020,pest,yes
aloe pest control,127 W Juanita Ave #208,,Mesa,AZ,85210,aloe pest control,deserves a better,78,https://demo.buildlocal.agency/m/qr/pc0021.png,https://demo.buildlocal.agency/m/_no-website.jpg,https://demo.buildlocal.agency/m/aloe-pest-control-new.jpg,aloe-pest-control,pc0021,pest,yes
Raptor Pest Solutions,505 W 8th Ave #18,,Mesa,AZ,85210,Raptor Pest Solutions,deserves a better,73,https://demo.buildlocal.agency/m/qr/pc0022.png,https://demo.buildlocal.agency/m/_no-website.jpg,https://demo.buildlocal.agency/m/raptor-pest-solutions-new.jpg,raptor-pest-solutions,pc0022,pest,yes
CAPE Pest Control,1256 S Pasadena,,Mesa,AZ,85210,CAPE Pest Control,deserves a better,78,https://demo.buildlocal.agency/m/qr/pc0023.png,https://demo.buildlocal.agency/m/_no-website.jpg,https://demo.buildlocal.agency/m/cape-pest-control-new.jpg,cape-pest-control,pc0023,pest,yes
Iron Mantis Pest Control,2650 E Southern Ave,,Mesa,AZ,85204,Iron Mantis Pest Control,deserves a better,64,https://demo.buildlocal.agency/m/qr/pc0024.png,https://demo.buildlocal.agency/m/_no-website.jpg,https://demo.buildlocal.agency/m/iron-mantis-pest-control-new.jpg,iron-mantis-pest-control,pc0024,pest,yes
Simply Green Pest Control,2775 N Arizona Ave Ste 4,,Chandler,AZ,85225,Simply Green Pest Control,deserves a better,62,https://demo.buildlocal.agency/m/qr/pc0025.png,https://demo.buildlocal.agency/m/_no-website.jpg,https://demo.buildlocal.agency/m/simply-green-pest-control-new.jpg,simply-green-pest-control,pc0025,pest,yes
Green Magic Pest Control,3215 N Arizona Ave b17,,Chandler,AZ,85225,Green Magic Pest Control,deserves a better,64,https://demo.buildlocal.agency/m/qr/pc0026.png,https://demo.buildlocal.agency/m/_no-website.jpg,https://demo.buildlocal.agency/m/green-magic-pest-control-new.jpg,green-magic-pest-control,pc0026,pest,yes
Responsible Pest & Scorpion Control,4360 W Chandler Blvd #9,,Chandler,AZ,85226,Responsible Pest & Scorpion Control,deserves a better,44,https://demo.buildlocal.agency/m/qr/pc0027.png,https://demo.buildlocal.agency/m/_no-website.jpg,https://demo.buildlocal.agency/m/responsible-pest-and-scorpion-control-new.jpg,responsible-pest-and-scorpion-control,pc0027,pest,yes
Green Home Pest Control,355 E Warner Rd #2,,Chandler,AZ,85225,Green Home Pest Control,deserves a better,67,https://demo.buildlocal.agency/m/qr/pc0028.png,https://demo.buildlocal.agency/m/_no-website.jpg,https://demo.buildlocal.agency/m/green-home-pest-control-chandler-new.jpg,green-home-pest-control-chandler,pc0028,pest,yes
Arizona Termite & Pest Solutions,1260 N Arizona Ave # C,,Chandler,AZ,85225,Arizona Termite & Pest Solutions,deserves a better,48,https://demo.buildlocal.agency/m/qr/pc0029.png,https://demo.buildlocal.agency/m/_no-website.jpg,https://demo.buildlocal.agency/m/arizona-termite-and-pest-solutions-new.jpg,arizona-termite-and-pest-solutions,pc0029,pest,yes
Pro Active Pest Control,3454 N San Marcos Pl Suite C-9,,Chandler,AZ,85225,Pro Active Pest Control,deserves a better,67,https://demo.buildlocal.agency/m/qr/pc0030.png,https://demo.buildlocal.agency/m/_no-website.jpg,https://demo.buildlocal.agency/m/pro-active-pest-control-new.jpg,pro-active-pest-control,pc0030,pest,yes
Sun Lakes Pest Control,1340 E Riggs Rd,,Chandler,AZ,85249,Sun Lakes Pest Control,deserves a better,70,https://demo.buildlocal.agency/m/qr/pc0031.png,https://demo.buildlocal.agency/m/_no-website.jpg,https://demo.buildlocal.agency/m/sun-lakes-pest-control-new.jpg,sun-lakes-pest-control,pc0031,pest,yes
Green Mango Pest Control - Chandler,2440 E Germann Rd #17,,Chandler,AZ,85286,Green Mango Pest Control,deserves a better,64,https://demo.buildlocal.agency/m/qr/pc0032.png,https://demo.buildlocal.agency/m/_no-website.jpg,https://demo.buildlocal.agency/m/green-mango-pest-control-chandler-new.jpg,green-mango-pest-control-chandler,pc0032,pest,yes
Truly Nolen Pest & Termite Control,150 W Elliot Rd Suite #9,,Chandler,AZ,85225,Truly Nolen Pest & Termite Control,deserves a better,45,https://demo.buildlocal.agency/m/qr/pc0033.png,https://demo.buildlocal.agency/m/_no-website.jpg,https://demo.buildlocal.agency/m/truly-nolen-pest-and-termite-control-new.jpg,truly-nolen-pest-and-termite-control,pc0033,pest,yes
Anteater Exterminating Inc.,1373 N Lakeshore Dr,,Chandler,AZ,85226,Anteater Exterminating,deserves a better,70,https://demo.buildlocal.agency/m/qr/pc0034.png,https://demo.buildlocal.agency/m/_no-website.jpg,https://demo.buildlocal.agency/m/anteater-exterminating-inc-new.jpg,anteater-exterminating-inc,pc0034,pest,yes
Lunar Pest Control,2858 W Gail Dr,,Chandler,AZ,85224,Lunar Pest Control,deserves a better,78,https://demo.buildlocal.agency/m/qr/pc0035.png,https://demo.buildlocal.agency/m/_no-website.jpg,https://demo.buildlocal.agency/m/lunar-pest-control-new.jpg,lunar-pest-control,pc0035,pest,yes
Blue Sky Pest Control,1936 W Rawhide Ave,,Chandler,AZ,85233,Blue Sky Pest Control,deserves a better,73,https://demo.buildlocal.agency/m/qr/pc0036.png,https://demo.buildlocal.agency/m/_no-website.jpg,https://demo.buildlocal.agency/m/blue-sky-pest-control-new.jpg,blue-sky-pest-control,pc0036,pest,yes
Spark Pest Control - Gilbert Office,700 N Neely St Suite 21,,Gilbert,AZ,85233,Spark Pest Control,deserves a better,78,https://demo.buildlocal.agency/m/qr/pc0037.png,https://demo.buildlocal.agency/m/_no-website.jpg,https://demo.buildlocal.agency/m/spark-pest-control-gilbert-office-new.jpg,spark-pest-control-gilbert-office,pc0037,pest,yes
Scorpion King Exterminating,1530 E Williams Field Rd #201,,Gilbert,AZ,85295,Scorpion King Exterminating,deserves a better,57,https://demo.buildlocal.agency/m/qr/pc0038.png,https://demo.buildlocal.agency/m/_no-website.jpg,https://demo.buildlocal.agency/m/scorpion-king-exterminating-new.jpg,scorpion-king-exterminating,pc0038,pest,yes
Firehouse Pest Control Services,1090 S Gilbert Rd,,Gilbert,AZ,85296,Firehouse Pest Control Services,deserves a better,50,https://demo.buildlocal.agency/m/qr/pc0039.png,https://demo.buildlocal.agency/m/_no-website.jpg,https://demo.buildlocal.agency/m/firehouse-pest-control-services-new.jpg,firehouse-pest-control-services,pc0039,pest,yes
Magic Pest Control,700 N Golden Key St,,Gilbert,AZ,85233,Magic Pest Control,deserves a better,78,https://demo.buildlocal.agency/m/qr/pc0040.png,https://demo.buildlocal.agency/m/_no-website.jpg,https://demo.buildlocal.agency/m/magic-pest-control-new.jpg,magic-pest-control,pc0040,pest,yes
